date,window_length,beta,abs_beta_change,eg_pval,adf_pval,half_life,eg_pass,adf_pass
2018-03-31,60,2.323278,,0.64882,0.074404,6.39,0,0
2018-04-30,60,2.730319,0.407042,0.980892,0.623092,119.94,0,0
2018-05-31,60,6.596318,3.865999,0.733648,0.109701,8.01,0,0
2018-06-30,60,3.035872,3.560446,0.205122,0.007054,4.13,0,1
2018-06-30,120,4.370951,,0.541958,0.046225,10.33,0,1
2018-07-31,60,2.5106,0.525272,0.069701,0.001371,3.27,0,1
2018-07-31,120,3.948886,0.422065,0.573801,0.053295,10.62,0,0
2018-08-31,60,2.794416,0.283817,0.100381,0.002319,2.26,0,1
2018-08-31,120,3.498076,0.450809,0.432268,0.027764,9.56,0,1
2018-09-30,60,2.294955,0.499461,0.000671,5e-06,3.0,1,1
2018-09-30,120,2.836076,0.662,0.016865,0.000209,3.44,1,1
2018-10-31,60,3.294332,0.999377,0.232605,0.008763,2.85,0,1
2018-10-31,120,2.682717,0.153359,0.044047,0.000728,3.49,1,1
2018-11-30,60,3.092689,0.201643,0.253453,0.010145,3.37,0,1
2018-11-30,120,2.909812,0.227095,0.016488,0.000203,2.92,1,1
2018-12-31,60,2.801638,0.29105,0.025132,0.000347,1.74,1,1
2018-12-31,120,2.741017,0.168795,0.004995,4.8e-05,2.58,1,1
2019-01-31,60,0.433355,2.368283,0.661435,0.078732,6.0,0,0
2019-01-31,120,1.749551,0.991466,0.233301,0.008808,12.3,0,1
2019-01-31,250,3.111271,,0.390347,0.022523,14.63,0,1
2019-02-28,60,0.879311,0.445956,0.280681,0.012127,6.04,0,1
2019-02-28,120,1.406744,0.342807,0.457839,0.031393,9.42,0,1
2019-02-28,250,2.72781,0.383461,0.424664,0.026751,15.69,0,1
2019-03-31,60,1.50024,0.620929,0.222164,0.008061,6.0,0,1
2019-03-31,120,1.144245,0.262499,0.074782,0.001515,4.39,0,1
2019-03-31,250,2.356987,0.370823,0.041171,0.000665,9.31,1,1
2019-04-30,60,0.696868,0.803372,0.917214,0.321138,30.88,0,0
2019-04-30,120,1.348487,0.204242,0.762654,0.12614,20.35,0,0
2019-04-30,250,1.921484,0.435502,0.150609,0.004291,10.19,0,1
2019-05-31,60,0.009984,0.686885,0.666164,0.080424,7.89,0,0
2019-05-31,120,1.368096,0.019609,0.676895,0.084415,16.56,0,0
2019-05-31,250,1.959447,0.037963,0.199929,0.006761,10.74,0,1
2019-06-30,60,1.943958,1.933975,0.459287,0.031609,6.35,0,1
2019-06-30,120,2.595671,1.227575,0.855468,0.207575,22.03,0,0
2019-06-30,250,2.148986,0.189539,0.343884,0.017596,13.75,0,1
2019-07-31,60,0.483646,1.460312,0.807702,0.158636,10.6,0,0
2019-07-31,120,1.009275,1.586396,0.659493,0.078049,14.57,0,0
2019-07-31,250,1.997063,0.151923,0.207518,0.007191,13.79,0,1
2019-08-31,60,-0.166816,0.650462,0.664008,0.079648,6.23,0,0
2019-08-31,120,1.397915,0.38864,0.439962,0.028819,10.63,0,1
2019-08-31,250,2.094812,0.097748,0.171685,0.005279,13.8,0,1
2019-09-30,60,0.245287,0.412103,0.618622,0.065038,6.48,0,0
2019-09-30,120,0.450835,0.94708,0.423841,0.026643,8.64,0,1
2019-09-30,250,1.817017,0.277795,0.065488,0.001256,16.2,0,1
2019-10-31,60,-0.118625,0.363912,0.903424,0.28933,16.98,0,0
2019-10-31,120,0.012631,0.438204,0.677914,0.084806,14.09,0,0
2019-10-31,250,1.543582,0.273434,0.279047,0.012002,29.38,0,1
2019-11-30,60,-0.414814,0.296189,0.413645,0.025334,5.21,0,1
2019-11-30,120,-0.309592,0.322223,0.424777,0.026766,7.91,0,1
2019-11-30,250,1.28972,0.253862,0.126246,0.003269,18.05,0,1
2019-12-31,60,-0.817262,0.402448,0.461833,0.031992,5.3,0,1
2019-12-31,120,-0.174865,0.134727,0.24201,0.009373,6.56,0,1
2019-12-31,250,1.093034,0.196686,0.159845,0.004712,20.11,0,1
2020-01-31,60,1.259608,2.07687,0.567602,0.051843,4.31,0,0
2020-01-31,120,-0.081037,0.093827,0.289386,0.012806,8.59,0,1
2020-01-31,250,0.580233,0.512801,0.061832,0.001159,12.09,0,1
2020-01-31,500,2.671407,,0.002151,1.8e-05,14.0,1,1
2020-02-29,60,0.497567,0.762041,0.80771,0.158643,6.5,0,0
2020-02-29,120,-0.127027,0.04599,0.470194,0.033277,8.25,0,1
2020-02-29,250,0.55246,0.027773,0.026176,0.000366,10.36,1,1
2020-02-29,500,2.550829,0.120577,0.001531,1.2e-05,14.48,1,1
2020-03-31,60,2.218252,1.720685,0.195244,0.006502,3.2,0,1
2020-03-31,120,1.671489,1.798517,0.2872,0.012633,7.64,0,1
2020-03-31,250,1.254569,0.702109,0.04552,0.000761,11.38,1,1
2020-03-31,500,2.347743,0.203086,0.000177,1e-06,12.09,1,1
2020-04-30,60,2.237536,0.019284,0.029105,0.00042,1.54,1,1
2020-04-30,120,2.450696,0.779207,0.095183,0.002145,5.48,0,1
2020-04-30,250,1.598944,0.344375,0.044514,0.000739,12.23,1,1
2020-04-30,500,2.109978,0.237765,0.000913,7e-06,11.39,1,1
2020-05-31,60,2.231621,0.005915,0.137041,0.003706,2.42,0,1
2020-05-31,120,2.461693,0.010996,0.169265,0.005161,5.34,0,1
2020-05-31,250,1.653024,0.054081,0.107313,0.00256,12.3,0,1
2020-05-31,500,2.032984,0.076994,0.001387,1.1e-05,11.76,1,1
2020-06-30,60,3.232866,1.001245,0.049495,0.000853,1.69,1,1
2020-06-30,120,2.398312,0.063381,0.03873,0.000613,3.72,1,1
2020-06-30,250,1.634894,0.01813,0.04025,0.000645,10.66,1,1
2020-06-30,500,1.945437,0.087547,0.001747,1.4e-05,11.84,1,1
2020-07-31,60,1.036436,2.196431,0.302696,0.013887,4.13,0,1
2020-07-31,120,1.646448,0.751864,0.447218,0.029843,7.91,0,1
2020-07-31,250,1.404772,0.230122,0.275663,0.011746,11.31,0,1
2020-07-31,500,1.633469,0.311968,0.015081,0.000182,13.45,1,1
2020-08-31,60,0.754544,0.281892,0.338365,0.017066,3.58,0,1
2020-08-31,120,1.399526,0.246922,0.279746,0.012056,7.03,0,1
2020-08-31,250,1.221175,0.183597,0.180049,0.005699,11.5,0,1
2020-08-31,500,1.420416,0.213053,0.048785,0.000837,13.91,1,1
2020-09-30,60,1.246328,0.491785,0.881772,0.245102,6.91,0,0
2020-09-30,120,1.362007,0.037518,0.297874,0.013489,7.23,0,1
2020-09-30,250,1.326365,0.10519,0.238254,0.009127,10.52,0,1
2020-09-30,500,1.464434,0.044018,0.03248,0.000485,13.35,1,1
2020-10-31,60,2.590826,1.344497,0.489165,0.036351,4.52,0,1
2020-10-31,120,1.537941,0.175934,0.650945,0.075115,11.95,0,0
2020-10-31,250,1.574558,0.248193,0.083323,0.001769,9.82,0,1
2020-10-31,500,1.624657,0.160223,0.004407,4.1e-05,13.53,1,1
2020-11-30,60,1.958372,0.632454,0.238099,0.009117,3.01,0,1
2020-11-30,120,1.660231,0.12229,0.518511,0.041581,10.37,0,1
2020-11-30,250,1.635426,0.060869,0.122167,0.00311,9.84,0,1
2020-11-30,500,1.62227,0.002387,0.003686,3.3e-05,13.09,1,1
2020-12-31,60,1.471141,0.487231,0.061025,0.001138,2.99,0,1
2020-12-31,120,2.178119,0.517888,0.024086,0.000329,3.73,1,1
2020-12-31,250,1.698461,0.063035,0.058724,0.001079,8.33,0,1
2020-12-31,500,1.648428,0.026158,0.003499,3.1e-05,13.05,1,1
2020-12-31,730,1.905712,,0.005627,5.5e-05,18.24,1,1
2021-01-31,60,2.347699,0.876558,0.701566,0.094466,5.4,0,0
2021-01-31,120,2.240553,0.062434,0.228656,0.008463,5.26,0,1
2021-01-31,250,1.830469,0.132008,0.175398,0.005463,9.87,0,1
2021-01-31,500,1.730231,0.081802,0.006291,6.3e-05,12.94,1,1
2021-01-31,730,1.897468,0.008244,0.00213,1.8e-05,17.13,1,1
2021-02-28,60,2.44501,0.097311,0.666558,0.080567,5.85,0,0
2021-02-28,120,2.16834,0.072214,0.148328,0.00419,5.0,0,1
2021-02-28,250,1.884334,0.053866,0.122964,0.003141,9.64,0,1
2021-02-28,500,1.76502,0.03479,0.003795,3.4e-05,12.0,1,1
2021-02-28,730,1.880401,0.017067,8.2e-05,1e-06,13.79,1,1
2021-03-31,60,0.646417,1.798592,0.761303,0.125308,7.62,0,0
2021-03-31,120,1.931025,0.237314,0.39077,0.022572,7.27,0,1
2021-03-31,250,1.84558,0.038755,0.174064,0.005397,11.04,0,1
2021-03-31,500,1.729026,0.035994,0.002081,1.7e-05,12.16,1,1
2021-03-31,730,1.803315,0.077086,0.000149,1e-06,12.29,1,1
2021-04-30,60,1.018973,0.372556,0.464409,0.032383,4.5,0,1
2021-04-30,120,1.914955,0.01607,0.637744,0.070815,7.63,0,0
2021-04-30,250,1.81487,0.03071,0.252264,0.010063,9.88,0,1
2021-04-30,500,1.725277,0.00375,0.011236,0.000126,11.47,1,1
2021-04-30,730,1.789489,0.013825,0.000342,2e-06,11.76,1,1
2021-05-31,60,1.929354,0.910381,0.013956,0.000165,1.35,1,1
2021-05-31,120,1.6422,0.272756,0.314418,0.014885,7.02,0,1
2021-05-31,250,1.830078,0.015209,0.101759,0.002367,9.39,0,1
2021-05-31,500,1.727654,0.002377,0.009766,0.000106,11.28,1,1
2021-05-31,730,1.772399,0.01709,0.000163,1e-06,11.36,1,1
2021-06-30,60,1.178135,0.751219,0.010149,0.000111,1.31,1,1
2021-06-30,120,0.953523,0.688676,0.201736,0.006862,5.62,0,1
2021-06-30,250,1.845493,0.015415,0.271292,0.01142,10.49,0,1
2021-06-30,500,1.712321,0.015333,0.010432,0.000115,11.26,1,1
2021-06-30,730,1.73938,0.03302,0.00044,3e-06,12.28,1,1
2021-07-31,60,0.642786,0.535349,0.914847,0.315297,13.77,0,0
2021-07-31,120,0.740695,0.212828,0.166031,0.005004,5.14,0,1
2021-07-31,250,1.637911,0.207582,0.854487,0.206354,24.4,0,0
2021-07-31,500,1.643149,0.069172,0.13847,0.003766,16.87,0,1
2021-07-31,730,1.671777,0.067603,0.032228,0.00048,17.18,1,1
2021-08-31,60,1.222798,0.580012,0.286591,0.012585,,0,1
2021-08-31,120,1.02238,0.281685,0.074163,0.001497,58.85,0,1
2021-08-31,250,1.419343,0.218569,0.389235,0.022395,15.0,0,1
2021-08-31,500,1.604726,0.038423,0.027369,0.000388,16.09,1,1
2021-08-31,730,1.635291,0.036486,0.002135,1.8e-05,16.18,1,1
2021-09-30,60,3.562592,2.339794,0.919608,0.327225,18.73,0,0
2021-09-30,120,1.518858,0.496478,0.041804,0.000679,35.22,1,1
2021-09-30,250,1.489419,0.070076,0.080226,0.001675,21.36,0,1
2021-09-30,500,1.646542,0.041816,0.081766,0.001721,16.98,0,1
2021-09-30,730,1.677255,0.041964,0.004359,4e-05,17.43,1,1
2021-10-31,60,0.848631,2.713961,0.781396,0.138464,14.13,0,0
2021-10-31,120,1.603061,0.084203,0.841892,0.191611,33.47,0,0
2021-10-31,250,1.475821,0.013598,0.571907,0.052847,21.4,0,0
2021-10-31,500,1.634169,0.012374,0.056324,0.001019,16.38,0,1
2021-10-31,730,1.663797,0.013458,0.00176,1.4e-05,17.54,1,1
2021-11-30,60,-1.756338,2.604969,0.884181,0.249083,4.57,0,0
2021-11-30,120,1.614306,0.011245,0.818412,0.168022,31.08,0,0
2021-11-30,250,1.318619,0.157202,0.495197,0.037377,20.6,0,1
2021-11-30,500,1.612806,0.021363,0.110232,0.002665,18.71,0,1
2021-11-30,730,1.627233,0.036564,0.002439,2.1e-05,18.51,1,1
2021-12-31,60,0.553923,2.310261,0.170538,0.005223,4.51,0,1
2021-12-31,120,1.397525,0.216781,0.806566,0.157684,29.93,0,0
2021-12-31,250,1.19715,0.121469,0.455012,0.030974,19.28,0,1
2021-12-31,500,1.592611,0.020195,0.13923,0.003798,19.88,0,1
2021-12-31,730,1.594294,0.032939,0.002054,1.7e-05,18.3,1,1
2022-01-31,60,1.577459,1.023536,0.930309,0.35694,19.05,0,0
2022-01-31,120,0.72506,0.672465,0.524244,0.042676,13.89,0,1
2022-01-31,250,1.292305,0.095155,0.441425,0.029023,19.24,0,1
2022-01-31,500,1.607721,0.01511,0.09672,0.002196,18.37,0,1
2022-01-31,730,1.590055,0.004239,0.000888,7e-06,17.19,1,1
2022-02-28,60,0.921667,0.655792,0.736347,0.111113,8.31,0,0
2022-02-28,120,0.615055,0.110005,0.649776,0.074723,13.96,0,0
2022-02-28,250,1.403013,0.110708,0.446917,0.029799,18.36,0,1
2022-02-28,500,1.616398,0.008677,0.085387,0.001832,17.58,0,1
2022-02-28,730,1.589552,0.000504,0.009312,0.0001,16.36,1,1
2022-03-31,60,0.742344,0.179323,0.758905,0.123848,8.85,0,0
2022-03-31,120,0.994917,0.379862,0.140346,0.003845,7.56,0,1
2022-03-31,250,1.311286,0.091727,0.392537,0.022777,19.49,0,1
2022-03-31,500,1.576755,0.039643,0.133103,0.003544,19.69,0,1
2022-03-31,730,1.563207,0.026344,0.007742,8e-05,17.64,1,1
2022-04-30,60,0.488045,0.254299,0.413044,0.025258,4.6,0,1
2022-04-30,120,0.808249,0.186668,0.517689,0.041426,10.54,0,1
2022-04-30,250,1.325246,0.013961,0.381772,0.021549,22.45,0,1
2022-04-30,500,1.550382,0.026373,0.118547,0.002972,19.09,0,1
2022-04-30,730,1.56775,0.004543,0.016026,0.000196,17.46,1,1
2022-05-31,60,0.827851,0.339806,0.403481,0.024078,4.03,0,1
2022-05-31,120,0.962908,0.154658,0.414302,0.025417,8.27,0,1
2022-05-31,250,1.253983,0.071263,0.519715,0.041809,21.12,0,1
2022-05-31,500,1.539322,0.01106,0.10811,0.002589,18.92,0,1
2022-05-31,730,1.576305,0.008555,0.010216,0.000112,16.8,1,1
2022-06-30,60,1.360151,0.532301,0.441125,0.028981,4.25,0,1
2022-06-30,120,1.160123,0.197215,0.399909,0.023647,8.02,0,1
2022-06-30,250,1.207771,0.046212,0.381968,0.021571,19.83,0,1
2022-06-30,500,1.535281,0.004041,0.101242,0.002349,18.67,0,1
2022-06-30,730,1.58294,0.006635,0.009505,0.000103,16.58,1,1
2022-07-31,60,1.656662,0.296511,0.860597,0.214143,13.0,0,0
2022-07-31,120,1.189165,0.029043,0.32747,0.016049,8.46,0,1
2022-07-31,250,1.230419,0.022647,0.173776,0.005383,14.74,0,1
2022-07-31,500,1.510704,0.024577,0.068926,0.00135,17.65,0,1
2022-07-31,730,1.57718,0.00576,0.010592,0.000117,16.71,1,1
2022-08-31,60,1.330671,0.325991,0.486141,0.035846,6.2,0,1
2022-08-31,120,1.131042,0.058123,0.612442,0.063277,11.63,0,0
2022-08-31,250,1.252349,0.02193,0.230676,0.008641,16.97,0,1
2022-08-31,500,1.44477,0.065934,0.034227,0.00052,15.46,1,1
2022-08-31,730,1.56976,0.00742,0.007606,7.9e-05,16.24,1,1
2022-09-30,60,1.7355,0.404829,0.055075,0.000988,2.62,0,1
2022-09-30,120,1.715984,0.584942,0.604766,0.061156,12.23,0,0
2022-09-30,250,1.342457,0.090108,0.161737,0.004801,12.24,0,1
2022-09-30,500,1.384306,0.060464,0.056776,0.00103,16.22,0,1
2022-09-30,730,1.558713,0.011047,0.010824,0.000121,16.88,1,1
2022-10-31,60,1.637221,0.098278,0.28927,0.012796,2.77,0,1
2022-10-31,120,1.502261,0.213723,0.663198,0.079358,13.47,0,0
2022-10-31,250,1.391168,0.048711,0.279765,0.012057,13.78,0,1
2022-10-31,500,1.374211,0.010095,0.10395,0.002442,18.22,0,1
2022-10-31,730,1.566774,0.008062,0.015605,0.00019,17.45,1,1
2022-11-30,60,1.436883,0.200338,0.028562,0.00041,1.59,1,1
2022-11-30,120,1.39755,0.10471,0.111938,0.002727,5.56,0,1
2022-11-30,250,1.440803,0.049635,0.278934,0.011994,13.56,0,1
2022-11-30,500,1.325647,0.048565,0.086106,0.001854,17.88,0,1
2022-11-30,730,1.566003,0.000771,0.012524,0.000144,17.35,1,1
2022-12-31,60,1.54634,0.109456,0.657804,0.077459,2.58,0,0
2022-12-31,120,1.60389,0.20634,0.123111,0.003146,2.7,0,1
2022-12-31,250,1.498782,0.057979,0.197874,0.006647,12.34,0,1
2022-12-31,500,1.28658,0.039067,0.086178,0.001857,17.79,0,1
2022-12-31,730,1.574563,0.008559,0.013118,0.000153,17.38,1,1
2023-01-31,60,0.752683,0.793657,0.796966,0.149948,9.38,0,0
2023-01-31,120,1.599734,0.004156,0.977913,0.593872,17.44,0,0
2023-01-31,250,1.404646,0.094136,0.266601,0.011077,13.72,0,1
2023-01-31,500,1.310241,0.023661,0.049782,0.00086,16.67,1,1
2023-01-31,730,1.579729,0.005166,0.016092,0.000197,17.79,1,1
2023-02-28,60,2.069088,1.316405,0.657809,0.077461,9.89,0,0
2023-02-28,120,1.903425,0.303691,0.95151,0.432539,26.32,0,0
2023-02-28,250,1.315084,0.089562,0.506802,0.039421,19.04,0,1
2023-02-28,500,1.386487,0.076246,0.110051,0.002658,18.73,0,1
2023-02-28,730,1.576071,0.003658,0.020763,0.000272,18.8,1,1
2023-03-31,60,1.808409,0.260679,0.042919,0.000703,2.11,1,1
2023-03-31,120,1.249874,0.653551,0.798309,0.150998,23.0,0,0
2023-03-31,250,1.46197,0.146886,0.394975,0.023062,17.9,0,1
2023-03-31,500,1.35653,0.029957,0.11464,0.002826,19.19,0,1
2023-03-31,730,1.54891,0.027161,0.021851,0.00029,19.0,1,1
2023-04-30,60,1.071259,0.73715,0.699702,0.09366,11.19,0,0
2023-04-30,120,0.69717,0.552705,0.598759,0.059547,12.48,0,0
2023-04-30,250,1.039663,0.422307,0.690172,0.089663,23.78,0,0
2023-04-30,500,1.280388,0.076143,0.368243,0.020073,26.57,0,1
2023-04-30,730,1.528579,0.020331,0.133088,0.003543,24.68,0,1
2023-05-31,60,0.279243,0.792016,0.621788,0.06596,7.23,0,0
2023-05-31,120,0.550692,0.146477,0.685208,0.087659,14.23,0,0
2023-05-31,250,0.594795,0.444868,0.632445,0.069162,23.98,0,0
2023-05-31,500,1.099148,0.18124,0.367577,0.020002,29.05,0,1
2023-05-31,730,1.495694,0.032885,0.195911,0.006539,29.86,0,1
2023-06-30,60,0.337249,0.058006,0.375077,0.020809,3.9,0,1
2023-06-30,120,0.695998,0.145306,0.381603,0.02153,8.47,0,1
2023-06-30,250,0.437082,0.157713,0.693563,0.091063,24.04,0,0
2023-06-30,500,0.995122,0.104026,0.345393,0.017743,28.96,0,1
2023-06-30,730,1.453122,0.042571,0.128833,0.003371,29.45,0,1
2023-07-31,60,1.35169,1.014441,0.843683,0.193608,3.18,0,0
2023-07-31,120,0.766132,0.070134,0.79075,0.145214,15.1,0,0
2023-07-31,250,0.365613,0.071469,0.695902,0.092043,26.44,0,0
2023-07-31,500,0.922807,0.072315,0.241968,0.00937,25.99,0,1
2023-07-31,730,1.3677,0.085422,0.189296,0.006181,31.77,0,1
2023-08-31,60,1.567693,0.216004,0.946354,0.411502,4.78,0,0
2023-08-31,120,0.899321,0.133189,0.825682,0.17485,16.64,0,0
2023-08-31,250,0.342936,0.022676,0.634183,0.0697,27.22,0,0
2023-08-31,500,0.886515,0.036292,0.266255,0.011051,27.12,0,1
2023-08-31,730,1.267962,0.099738,0.122666,0.003129,30.13,0,1
2023-09-30,60,1.23063,0.337063,0.109843,0.002651,5.15,0,1
2023-09-30,120,1.436792,0.537471,0.015252,0.000184,4.66,1,1
2023-09-30,250,0.402135,0.059198,0.567576,0.051837,26.48,0,0
2023-09-30,500,0.824449,0.062066,0.331252,0.016397,28.96,0,1
2023-09-30,730,1.222794,0.045168,0.34333,0.017542,38.87,0,1
2023-10-31,60,1.569814,0.339184,0.061252,0.001144,6.04,0,1
2023-10-31,120,1.535881,0.099089,0.014946,0.00018,4.33,1,1
2023-10-31,250,0.430539,0.028404,0.342445,0.017457,19.88,0,1
2023-10-31,500,0.774543,0.049907,0.385829,0.022006,32.21,0,1
2023-10-31,730,1.140761,0.082033,0.249647,0.009885,35.07,0,1
2023-11-30,60,1.961834,0.39202,0.528745,0.043553,3.67,0,1
2023-11-30,120,1.651809,0.115929,0.050619,0.00088,4.36,0,1
2023-11-30,250,0.633113,0.202575,0.563617,0.05093,24.01,0,0
2023-11-30,500,0.7943,0.019758,0.403602,0.024092,33.33,0,1
2023-11-30,730,1.045293,0.095468,0.229637,0.008525,35.91,0,1
2023-12-31,60,2.465986,0.504152,0.01529,0.000185,1.44,1,1
2023-12-31,120,1.944567,0.292758,0.071403,0.001419,4.91,0,1
2023-12-31,250,1.181946,0.548832,0.568747,0.052109,26.29,0,0
2023-12-31,500,0.855448,0.061148,0.795705,0.148971,58.91,0,0
2023-12-31,730,1.025111,0.020182,0.599474,0.059736,53.79,0,0
2024-01-31,60,1.966037,0.499948,0.654051,0.076167,5.3,0,0
2024-01-31,120,1.941778,0.002789,0.104533,0.002463,5.26,0,1
2024-01-31,250,1.538338,0.356393,0.259626,0.010577,18.6,0,1
2024-01-31,500,0.943175,0.087727,0.766521,0.128562,62.2,0,0
2024-01-31,730,1.090682,0.065571,0.533949,0.044588,54.29,0,1
2024-02-29,60,2.049343,0.083306,0.610272,0.06267,5.55,0,0
2024-02-29,120,2.233082,0.291304,0.058092,0.001063,4.13,0,1
2024-02-29,250,1.972281,0.433942,0.124315,0.003193,11.88,0,1
2024-02-29,500,1.209231,0.266056,0.968997,0.524912,164.86,0,0
2024-02-29,730,1.180084,0.089401,0.834731,0.183927,92.95,0,0
2024-03-31,60,1.488876,0.560468,0.69897,0.093346,14.78,0,0
2024-03-31,120,2.353027,0.119945,0.794558,0.14809,14.5,0,0
2024-03-31,250,2.133337,0.161056,0.232088,0.008731,11.58,0,1
2024-03-31,500,1.512499,0.303268,0.938355,0.382522,112.3,0,0
2024-03-31,730,1.22437,0.044287,0.870176,0.22732,116.28,0,0
2024-04-30,60,0.867122,0.621754,0.016038,0.000196,2.31,1,1
2024-04-30,120,1.858613,0.494415,0.876025,0.236016,38.2,0,0
2024-04-30,250,2.112782,0.020555,0.883599,0.24811,28.07,0,0
2024-04-30,500,1.80077,0.288272,0.97626,0.579271,206.91,0,0
2024-04-30,730,1.142582,0.081788,0.877759,0.238698,128.58,0,0
2024-05-31,60,1.251145,0.384023,0.578459,0.054411,3.81,0,0
2024-05-31,120,0.881862,0.976751,0.25468,0.01023,9.62,0,1
2024-05-31,250,2.154461,0.041679,0.788267,0.14338,29.3,0,0
2024-05-31,500,1.79763,0.003141,0.928516,0.351648,132.9,0,0
2024-05-31,730,1.035805,0.106778,0.78239,0.139161,103.33,0,0
2024-06-30,60,0.261604,0.989541,0.299004,0.013581,3.34,0,1
2024-06-30,120,0.745412,0.13645,0.388136,0.022269,8.7,0,1
2024-06-30,250,2.121739,0.032722,0.64997,0.074788,27.98,0,0
2024-06-30,500,1.852706,0.055076,0.879944,0.24215,108.81,0,0
2024-06-30,730,1.03923,0.003425,0.741315,0.113772,98.41,0,0
2024-07-31,60,1.158969,0.897365,0.431888,0.027713,4.61,0,1
2024-07-31,120,1.08097,0.335558,0.069706,0.001371,3.89,0,1
2024-07-31,250,1.89612,0.225619,0.674374,0.083458,29.2,0,0
2024-07-31,500,1.962067,0.109361,0.664457,0.079809,70.03,0,0
2024-07-31,730,1.253523,0.214293,0.826701,0.175839,117.27,0,0
2024-08-31,60,1.644043,0.485074,0.101612,0.002361,2.3,0,1
2024-08-31,120,1.255508,0.174538,0.212138,0.007459,5.54,0,1
2024-08-31,250,1.827093,0.069027,0.558257,0.049726,24.14,0,1
2024-08-31,500,2.075777,0.11371,0.672021,0.082576,62.44,0,0
2024-08-31,730,1.482005,0.228482,0.857579,0.21024,132.56,0,0
2024-09-30,60,1.701749,0.057706,0.559015,0.049895,4.62,0,1
2024-09-30,120,1.237593,0.017916,0.258025,0.010464,6.28,0,1
2024-09-30,250,1.65481,0.172283,0.573957,0.053332,22.44,0,0
2024-09-30,500,2.019818,0.055958,0.707415,0.097046,61.68,0,0
2024-09-30,730,1.623397,0.141392,0.696531,0.092308,98.97,0,0
2024-10-31,60,1.274103,0.427646,0.94985,0.425537,30.23,0,0
2024-10-31,120,1.145512,0.09208,0.83198,0.181096,13.97,0,0
2024-10-31,250,1.396174,0.258636,0.447248,0.029847,21.31,0,1
2024-10-31,500,1.833733,0.186085,0.464036,0.032327,48.22,0,1
2024-10-31,730,1.673613,0.050216,0.457736,0.031377,71.69,0,1
2024-11-30,60,2.145432,0.871329,0.540652,0.045954,6.2,0,1
2024-11-30,120,1.234424,0.088912,0.725495,0.105566,12.45,0,0
2024-11-30,250,1.188113,0.208061,0.135809,0.003655,13.74,0,1
2024-11-30,500,1.785109,0.048624,0.319058,0.015292,38.51,0,1
2024-11-30,730,1.721129,0.047515,0.524806,0.042785,74.37,0,1
2024-12-31,60,1.795568,0.349864,0.568802,0.052122,5.07,0,0
2024-12-31,120,1.168428,0.065996,0.657663,0.07741,15.56,0,0
2024-12-31,250,1.054594,0.133519,0.112034,0.00273,12.85,0,1
2024-12-31,500,1.744963,0.040146,0.345389,0.017743,34.76,0,1
2024-12-31,730,1.794351,0.073222,0.637741,0.070814,72.06,0,0
2025-01-31,60,1.275122,0.520445,0.61154,0.063024,5.95,0,0
2025-01-31,120,1.271183,0.102755,0.67816,0.0849,14.27,0,0
2025-01-31,250,0.923346,0.131248,0.046513,0.000784,8.51,1,1
2025-01-31,500,1.653828,0.091135,0.266078,0.011039,30.35,0,1
2025-01-31,730,1.7931,0.001251,0.648664,0.074353,72.32,0,0
2025-02-28,60,2.402592,1.12747,0.301963,0.013826,4.23,0,1
2025-02-28,120,2.133682,0.862498,0.232471,0.008755,7.01,0,1
2025-02-28,250,0.869234,0.054111,0.892145,0.263045,32.68,0,0
2025-02-28,500,1.591666,0.062162,0.563932,0.051002,39.6,0,0
2025-02-28,730,1.791435,0.001664,0.558909,0.049871,61.84,0,1
2025-03-31,60,1.778891,0.623701,0.7777,0.135913,8.46,0,0
2025-03-31,120,1.962527,0.171155,0.382051,0.02158,7.25,0,1
2025-03-31,250,0.960386,0.091151,0.685977,0.087967,26.3,0,0
2025-03-31,500,1.549729,0.041938,0.208402,0.007242,28.23,0,1
2025-03-31,730,1.826572,0.035136,0.667413,0.080878,65.82,0,0
2025-04-30,60,1.474264,0.304627,0.536459,0.045095,7.43,0,1
2025-04-30,120,1.787361,0.175166,0.202034,0.006879,9.63,0,1
2025-04-30,250,1.234919,0.274533,0.706968,0.096846,30.65,0,0
2025-04-30,500,1.5142,0.035529,0.359723,0.019181,31.53,0,1
2025-04-30,730,1.821757,0.004815,0.663944,0.079625,66.49,0,0
2025-05-31,60,1.080227,0.394037,0.095106,0.002143,4.06,0,1
2025-05-31,120,1.720741,0.06662,0.094308,0.002116,7.01,0,1
2025-05-31,250,1.595599,0.36068,0.468531,0.033018,22.06,0,1
2025-05-31,500,1.494344,0.019856,0.517977,0.04148,37.43,0,1
2025-05-31,730,1.80398,0.017777,0.642252,0.072253,67.0,0,0
2025-06-30,60,0.903258,0.176968,0.283774,0.012366,3.98,0,1
2025-06-30,120,1.640671,0.080069,0.097767,0.002231,10.25,0,1
2025-06-30,250,1.964022,0.368423,0.302819,0.013897,16.77,0,1
2025-06-30,500,1.453456,0.040888,0.568173,0.051976,41.8,0,0
2025-06-30,730,1.763473,0.040507,0.492687,0.036947,60.78,0,1
2025-07-31,60,1.310453,0.407194,0.985243,0.675087,,0,0
2025-07-31,120,1.398056,0.242615,0.941304,0.392744,58.38,0,0
2025-07-31,250,2.187909,0.223887,0.531094,0.044018,18.52,0,1
2025-07-31,500,1.417568,0.035888,0.908951,0.301462,100.38,0,0
2025-07-31,730,1.720587,0.042886,0.771132,0.131529,82.81,0,0
2025-08-31,60,2.166859,0.856406,0.345955,0.017798,6.09,0,1
2025-08-31,120,1.365056,0.033,0.944865,0.405797,56.21,0,0
2025-08-31,250,2.222812,0.034904,0.300426,0.013699,13.54,0,1
2025-08-31,500,1.470702,0.053134,0.832035,0.181151,82.43,0,0
2025-08-31,730,1.705241,0.015347,0.674816,0.083625,72.17,0,0
2025-09-30,60,1.628645,0.538214,0.414025,0.025382,3.92,0,1
2025-09-30,120,1.530727,0.16567,0.951221,0.431304,84.86,0,0
2025-09-30,250,2.197701,0.025112,0.472003,0.03356,14.2,0,1
2025-09-30,500,1.510126,0.039424,0.950065,0.426431,141.61,0,0
2025-09-30,730,1.659793,0.045448,0.743218,0.114811,82.13,0,0
2025-10-31,60,1.292843,0.335802,0.555718,0.049165,5.61,0,1
2025-10-31,120,2.584967,1.054241,0.282758,0.012287,8.71,0,1
2025-10-31,250,2.287422,0.089722,0.423483,0.026597,17.57,0,1
2025-10-31,500,1.592279,0.082153,0.921791,0.332944,117.17,0,0
2025-10-31,730,1.643038,0.016755,0.729694,0.107672,77.33,0,0
2025-11-30,60,1.539489,0.246646,0.1604,0.004738,2.91,0,1
2025-11-30,120,2.252422,0.332546,0.14495,0.004042,5.47,0,1
2025-11-30,250,2.277947,0.009476,0.622564,0.066188,20.13,0,0
2025-11-30,500,1.630025,0.037745,0.935365,0.37264,133.88,0,0
2025-11-30,730,1.630392,0.012646,0.771948,0.132064,87.32,0,0
2025-12-31,60,1.48939,0.050099,0.002084,1.7e-05,1.01,1,1
2025-12-31,120,1.343468,0.908954,0.016372,0.000201,3.54,1,1
2025-12-31,250,2.091733,0.186214,0.84974,0.200601,31.65,0,0
2025-12-31,500,1.644581,0.014557,0.916941,0.320455,137.53,0,0
2025-12-31,730,1.56595,0.064441,0.853144,0.204701,106.87,0,0
2026-01-31,60,1.09381,0.39558,0.223365,0.008134,2.71,0,1
2026-01-31,120,1.141333,0.202135,0.078675,0.001629,4.08,0,1
2026-01-31,250,1.744648,0.347084,0.804568,0.156029,45.38,0,0
2026-01-31,500,1.649798,0.005217,0.93825,0.382167,178.42,0,0
2026-01-31,730,1.511695,0.054255,0.873019,0.231481,131.39,0,0
2026-02-28,60,1.665929,0.572119,0.163898,0.004903,2.7,0,1
2026-02-28,120,1.553622,0.412289,0.028667,0.000412,3.6,1,1
2026-02-28,250,1.419266,0.325383,0.886278,0.252635,60.38,0,0
2026-02-28,500,1.766343,0.116545,0.867917,0.224098,110.71,0,0
2026-02-28,730,1.531736,0.020042,0.874664,0.233945,129.03,0,0
2026-03-31,60,1.873731,0.207801,0.390638,0.022557,5.81,0,1
2026-03-31,120,1.919225,0.365602,0.315569,0.014986,6.28,0,1
2026-03-31,250,1.859375,0.44011,0.709913,0.098174,40.3,0,0
2026-03-31,500,1.981325,0.214982,0.80895,0.159691,92.02,0,0
2026-03-31,730,1.604908,0.073172,0.968756,0.523325,240.2,0,0
2026-04-30,60,1.802207,0.071524,0.570275,0.052465,19.57,0,0
2026-04-30,120,1.884365,0.034859,0.487889,0.036137,8.13,0,1
2026-04-30,250,2.09025,0.230875,0.13686,0.003699,17.59,0,1
2026-04-30,500,2.229178,0.247853,0.254145,0.010193,44.76,0,1
2026-04-30,730,1.725538,0.12063,0.855202,0.207242,128.88,0,0
2026-05-31,60,1.174041,0.628166,0.58562,0.056172,7.66,0,0
2026-05-31,120,1.813196,0.071169,0.302946,0.013908,7.1,0,1
2026-05-31,250,2.032764,0.057486,0.068258,0.001331,11.47,0,1
2026-05-31,500,2.468019,0.238842,0.106218,0.002522,25.99,0,1
2026-05-31,730,1.883183,0.157645,0.883615,0.248137,134.69,0,0
2026-06-30,60,1.635954,0.461913,0.712339,0.099283,9.09,0,0
2026-06-30,120,1.824592,0.011396,0.155793,0.004525,7.46,0,1
2026-06-30,250,2.019116,0.013649,0.049241,0.000847,8.99,1,1
2026-06-30,500,2.592521,0.124502,0.06403,0.001217,19.47,0,1
2026-06-30,730,2.048138,0.164955,0.817899,0.167554,107.15,0,0
