date,TCS.NS,INFY.NS
2018-01-01,1069.2730712890625,406.448974609375
2018-01-02,1063.453125,404.93487548828125
2018-01-03,1066.4639892578125,401.631591796875
2018-01-04,1073.921142578125,399.31130981445312
2018-01-05,1086.894775390625,397.97427368164062
2018-01-08,1097.080078125,407.43203735351562
2018-01-09,1094.8975830078125,409.51632690429688
2018-01-10,1134.3447265625,413.8028564453125
2018-01-11,1127.837646484375,423.06399536132812
2018-01-12,1122.118408203125,424.10601806640625
2018-01-15,1109.8922119140625,425.1678466796875
2018-01-16,1152.2291259765625,441.56655883789062
2018-01-17,1167.6282958984375,453.06939697265625
2018-01-18,1179.449951171875,453.30526733398438
2018-01-19,1196.0616455078125,449.66763305664062
2018-01-22,1262.5430908203125,452.24349975585938
2018-01-23,1256.7093505859375,462.900634765625
2018-01-24,1286.1214599609375,466.32192993164062
2018-01-25,1264.4267578125,462.23211669921875
2018-01-29,1295.9456787109375,465.18161010742188
2018-01-30,1277.309814453125,460.36422729492188
2018-01-31,1260.902099609375,452.341796875
2018-02-01,1271.5369873046875,450.11990356445312
2018-02-02,1277.6337890625,449.58901977539062
2018-02-05,1257.1954345703125,447.60302734375
2018-02-06,1214.271728515625,435.62850952148438
2018-02-07,1197.17578125,436.13967895507812
2018-02-08,1204.9337158203125,446.0496826171875
2018-02-09,1203.9210205078125,436.17901611328125
2018-02-12,1202.13818359375,433.68185424804688
2018-02-14,1179.6534423828125,431.69598388671875
2018-02-15,1185.345947265625,438.2633056640625
2018-02-16,1188.2628173828125,443.61151123046875
2018-02-19,1184.434326171875,445.06655883789062
2018-02-20,1193.002685546875,447.1114501953125
2018-02-21,1232.5230712890625,451.22100830078125
2018-02-22,1235.723388671875,456.470947265625
2018-02-23,1246.094970703125,454.46536254882812
2018-02-26,1228.2283935546875,447.76031494140625
2018-02-27,1232.54296875,452.32211303710938
2018-02-28,1229.5858154296875,461.13104248046875
2018-03-01,1230.6593017578125,456.470947265625
2018-03-05,1258.268798828125,454.56369018554688
2018-03-06,1232.7255859375,452.7744140625
2018-03-07,1226.5068359375,449.92324829101562
2018-03-08,1216.986572265625,454.85861206054688
2018-03-09,1229.2012939453125,457.51315307617188
2018-03-12,1236.51318359375,466.30239868164062
2018-03-13,1169.525390625,465.53549194335938
2018-03-14,1169.56591796875,464.35574340820312
2018-03-15,1162.59765625,465.0242919921875
2018-03-16,1144.7718505859375,460.85577392578125
2018-03-19,1146.9193115234375,450.96536254882812
2018-03-20,1160.6329345703125,457.96530151367188
2018-03-21,1157.35107421875,459.12539672851562
2018-03-22,1147.06103515625,456.68743896484375
2018-03-23,1141.71337890625,459.16473388671875
2018-03-26,1141.247314453125,454.30807495117188
2018-03-27,1153.6849365234375,453.81661987304688
2018-03-28,1154.2724609375,445.08621215820312
2018-04-02,1178.7823486328125,447.1900634765625
2018-04-03,1179.4310302734375,448.48779296875
2018-04-04,1179.2886962890625,442.09747314453125
2018-04-05,1198.3507080078125,451.280029296875
2018-04-06,1195.2510986328125,443.1986083984375
2018-04-09,1184.555908203125,437.00485229492188
2018-04-10,1190.10595703125,437.85040283203125
2018-04-11,1221.1187744140625,442.11712646484375
2018-04-12,1271.8004150390625,457.198486328125
2018-04-13,1277.4921875,460.67877197265625
2018-04-16,1291.4083251953125,445.63677978515625
2018-04-17,1282.8802490234375,442.49069213867188
2018-04-18,1279.841796875,442.78573608398438
2018-04-19,1292.8262939453125,445.4991455078125
2018-04-20,1378.429931640625,463.43161010742188
2018-04-23,1380.9417724609375,467.06918334960938
2018-04-24,1371.6239013671875,454.01309204101562
2018-04-25,1405.89794921875,456.31362915039062
2018-04-26,1433.8515625,462.64505004882812
2018-04-27,1398.48388671875,466.08609008789062
2018-04-30,1430.955078125,471.70962524414062
2018-05-02,1417.8489990234375,470.7462158203125
2018-05-03,1410.597412109375,465.04403686523438
2018-05-04,1410.151611328125,461.32757568359375
2018-05-07,1385.9249267578125,465.220947265625
2018-05-08,1394.1287841796875,458.35855102539062
2018-05-09,1413.6153564453125,460.38375854492188
2018-05-10,1398.2005615234375,459.32205200195312
2018-05-11,1400.5093994140625,464.3360595703125
2018-05-14,1391.0296630859375,467.69845581054688
2018-05-15,1410.8199462890625,469.76296997070312
2018-05-16,1415.479248046875,467.9539794921875
2018-05-17,1414.6282958984375,465.18161010742188
2018-05-18,1418.78125,465.29946899414062
2018-05-21,1440.94140625,463.844482421875
2018-05-22,1421.5556640625,469.48773193359375
2018-05-23,1415.96533203125,465.96804809570312
2018-05-24,1459.9619140625,480.16458129882812
2018-05-25,1452.710693359375,483.03543090820312
2018-05-28,1418.78125,477.56918334960938
2018-05-29,1427.470947265625,478.47357177734375
2018-05-30,1423.6629638671875,476.50738525390625
2018-05-31,1422.43701171875,484.41192626953125
2018-06-01,1415.410888671875,480.08612060546875
2018-06-04,1425.0517578125,487.4005126953125
2018-06-05,1406.546142578125,480.10556030273438
2018-06-06,1409.93701171875,486.6336669921875
2018-06-07,1417.943603515625,492.53240966796875
2018-06-08,1427.3802490234375,495.52117919921875
2018-06-11,1429.5042724609375,496.44540405273438
2018-06-12,1455.076416015625,494.91165161132812
2018-06-13,1490.2891845703125,501.32180786132812
2018-06-14,1460.427490234375,499.46841430664062
2018-06-15,1503.320068359375,516.20855712890625
2018-06-18,1494.2921142578125,510.6285400390625
2018-06-19,1490.61572265625,500.23391723632812
2018-06-20,1488.94091796875,500.8583984375
2018-06-21,1486.4080810546875,502.22821044921875
2018-06-22,1478.6058349609375,502.751953125
2018-06-25,1486.326416015625,512.66314697265625
2018-06-26,1513.083251953125,514.83892822265625
2018-06-27,1517.9852294921875,511.67605590820312
2018-06-28,1505.4852294921875,519.5728759765625
2018-06-29,1509.6109619140625,526.663818359375
2018-07-02,1512.552001953125,537.7432861328125
2018-07-03,1531.09814453125,545.41851806640625
2018-07-04,1524.6436767578125,541.97381591796875
2018-07-05,1536.2044677734375,517.31671142578125
2018-07-06,1562.8792724609375,517.41741943359375
2018-07-09,1538.410400390625,523.29949951171875
2018-07-10,1531.955810546875,524.32708740234375
2018-07-11,1617.577392578125,532.002197265625
2018-07-12,1610.5921630859375,521.486572265625
2018-07-13,1618.55810546875,530.77325439453125
2018-07-16,1625.175537109375,536.998046875
2018-07-17,1639.051513671875,535.00360107421875
2018-07-18,1637.4962158203125,532.8482666015625
2018-07-19,1622.06494140625,530.4912109375
2018-07-20,1634.5084228515625,543.1422119140625
2018-07-23,1641.917236328125,546.30487060546875
2018-07-24,1636.47314453125,554.84613037109375
2018-07-25,1622.146484375,557.50531005859375
2018-07-26,1608.3936767578125,553.27490234375
2018-07-27,1591.2425537109375,553.35552978515625
2018-07-30,1591.9385986328125,544.31060791015625
2018-07-31,1588.33642578125,549.991455078125
2018-08-01,1618.0535888671875,545.53936767578125
2018-08-02,1595.049560546875,545.37823486328125
2018-08-03,1620.46826171875,549.588623046875
2018-08-06,1617.2755126953125,548.19854736328125
2018-08-07,1610.562744140625,551.13970947265625
2018-08-08,1616.0068359375,549.04461669921875
2018-08-09,1616.2935791015625,555.974365234375
2018-08-10,1631.64306640625,558.19024658203125
2018-08-13,1637.41455078125,567.57781982421875
2018-08-14,1640.1976318359375,567.396484375
2018-08-16,1644.2498779296875,575.9578857421875
2018-08-17,1647.72900390625,576.28021240234375
2018-08-20,1645.43701171875,557.70684814453125
2018-08-21,1651.740966796875,557.58587646484375
2018-08-23,1666.026123046875,563.0047607421875
2018-08-24,1672.4932861328125,555.3096923828125
2018-08-27,1678.9603271484375,570.2569580078125
2018-08-28,1693.9417724609375,574.00396728515625
2018-08-29,1696.234130859375,568.12164306640625
2018-08-30,1704.748046875,570.5792236328125
2018-08-31,1701.4736328125,580.6114501953125
2018-09-03,1680.597900390625,577.85150146484375
2018-09-04,1718.2559814453125,593.98748779296875
2018-09-05,1702.1693115234375,588.14556884765625
2018-09-06,1698.935546875,585.92962646484375
2018-09-07,1702.66064453125,590.48223876953125
2018-09-10,1703.39697265625,588.91094970703125
2018-09-11,1675.154052734375,591.6910400390625
2018-09-12,1673.2711181640625,598.62078857421875
2018-09-14,1690.8310546875,591.20745849609375
2018-09-17,1697.994140625,584.96270751953125
2018-09-18,1695.2103271484375,579.4429931640625
2018-09-19,1701.064208984375,579.9666748046875
2018-09-21,1721.73486328125,568.3231201171875
2018-09-24,1799.7520751953125,578.75799560546875
2018-09-25,1787.2677001953125,585.1639404296875
2018-09-26,1753.662109375,578.43572998046875
2018-09-27,1791.892822265625,584.0360107421875
2018-09-28,1787.6767578125,588.26641845703125
2018-10-01,1846.4969482421875,601.642578125
2018-10-03,1770.6085205078125,587.01739501953125
2018-10-04,1690.3397216796875,569.8541259765625
2018-10-05,1721.3250732421875,583.874755859375
2018-10-08,1700.777587890625,575.69598388671875
2018-10-09,1712.4429931640625,578.355224609375
2018-10-10,1672.984375,564.4150390625
2018-10-11,1620.87744140625,542.578125
2018-10-12,1570.4083251953125,546.96966552734375
2018-10-15,1595.949951171875,563.08538818359375
2018-10-16,1606.428466796875,560.224853515625
2018-10-17,1579.4952392578125,568.36322021484375
2018-10-19,1566.233154296875,550.79718017578125
2018-10-22,1557.883056640625,547.8963623046875
2018-10-23,1512.4754638671875,529.8868408203125
2018-10-24,1516.4541015625,523.601806640625
2018-10-25,1520.14599609375,528.44842529296875
2018-10-26,1475.9283447265625,516.1077880859375
2018-10-29,1534.9124755859375,525.19036865234375
2018-10-30,1554.437255859375,537.28631591796875
2018-10-31,1590.00048828125,559.11688232421875
2018-11-01,1588.0313720703125,543.06988525390625
2018-11-02,1569.7371826171875,539.445068359375
2018-11-05,1551.1968994140625,542.49957275390625
2018-11-06,1585.5294189453125,542.8662109375
2018-11-07,1593.2822265625,550.23809814453125
2018-11-09,1566.25048828125,537.2049560546875
2018-11-12,1570.8857421875,541.03350830078125
2018-11-13,1587.3753662109375,542.25537109375
2018-11-14,1542.8292236328125,532.0732421875
2018-11-15,1536.4300537109375,534.6798095703125
2018-11-16,1547.710205078125,530.1590576171875
2018-11-19,1560.7132568359375,530.85137939453125
2018-11-20,1540.8604736328125,522.46148681640625
2018-11-21,1486.5108642578125,504.296630859375
2018-11-22,1486.962158203125,505.64065551757812
2018-11-26,1514.4854736328125,506.21075439453125
2018-11-27,1550.70458984375,520.42510986328125
2018-11-28,1627.5322265625,542.82537841796875
2018-11-29,1608.3768310546875,538.467529296875
2018-11-30,1614.693359375,543.6807861328125
2018-12-03,1626.30224609375,546.04296875
2018-12-04,1649.641357421875,558.18011474609375
2018-12-05,1646.2781982421875,555.04400634765625
2018-12-06,1634.7515869140625,544.53607177734375
2018-12-07,1636.8026123046875,556.184326171875
2018-12-10,1620.887451171875,545.10614013671875
2018-12-11,1640.740234375,549.42352294921875
2018-12-12,1654.5218505859375,552.6817626953125
2018-12-13,1626.466064453125,568.36199951171875
2018-12-14,1632.33154296875,575.12298583984375
2018-12-17,1636.064208984375,565.63330078125
2018-12-18,1630.772705078125,551.1341552734375
2018-12-19,1614.8575439453125,541.5628662109375
2018-12-20,1603.04443359375,543.35491943359375
2018-12-21,1555.2576904296875,526.37127685546875
2018-12-24,1573.880126953125,528.65203857421875
2018-12-26,1549.8436279296875,524.62005615234375
2018-12-27,1566.0460205078125,535.005615234375
2018-12-28,1555.462646484375,535.1278076171875
2018-12-31,1553.0018310546875,536.7569580078125
2019-01-01,1561.00048828125,541.725830078125
2019-01-02,1577.81787109375,544.98406982421875
2019-01-03,1558.662109375,545.0655517578125
2019-01-04,1539.71142578125,538.467529296875
2019-01-07,1556.980712890625,547.14263916015625
2019-01-08,1553.411865234375,545.79864501953125
2019-01-09,1547.99755859375,550.72674560546875
2019-01-10,1549.310302734375,553.6591796875
2019-01-11,1511.5733642578125,556.75445556640625
2019-01-14,1487.536376953125,571.74249267578125
2019-01-15,1532.28759765625,591.8621826171875
2019-01-16,1534.2152099609375,600.1707763671875
2019-01-17,1557.3582763671875,597.36053466796875
2019-01-18,1562.5784912109375,595.405517578125
2019-01-21,1569.1968994140625,606.85015869140625
2019-01-22,1563.6065673828125,607.1353759765625
2019-01-23,1541.984375,595.97576904296875
2019-01-24,1563.318603515625,599.53863525390625
2019-01-25,1579.1444091796875,598.18719482421875
2019-01-28,1607.261474609375,596.22161865234375
2019-01-29,1630.0753173828125,596.18060302734375
2019-01-30,1628.965576171875,594.54254150390625
2019-01-31,1655.8489990234375,613.91278076171875
2019-02-01,1668.8802490234375,620.0556640625
2019-02-04,1685.5687255859375,619.1136474609375
2019-02-05,1680.883056640625,618.25390625
2019-02-06,1705.75244140625,625.1746826171875
2019-02-07,1712.411376953125,625.74786376953125
2019-02-08,1694.7359619140625,623.208984375
2019-02-11,1698.434814453125,624.76519775390625
2019-02-12,1686.6793212890625,614.6500244140625
2019-02-14,1680.9241943359375,606.13189697265625
2019-02-15,1668.67431640625,607.6881103515625
2019-02-18,1619.840087890625,606.95098876953125
2019-02-19,1565.99072265625,593.23211669921875
2019-02-20,1574.171142578125,606.6644287109375
2019-02-21,1573.7186279296875,600.7261962890625
2019-02-22,1583.132080078125,601.95477294921875
2019-02-25,1632.04833984375,618.2947998046875
2019-02-26,1676.0732421875,608.138671875
2019-02-27,1692.0230712890625,602.20062255859375
2019-02-28,1630.6507568359375,601.42254638671875
2019-03-01,1640.4752197265625,607.647216796875
2019-03-05,1634.473876953125,599.94818115234375
2019-03-06,1643.927978515625,599.94818115234375
2019-03-07,1655.19140625,592.1263427734375
2019-03-08,1662.9195556640625,583.44451904296875
2019-03-11,1656.4248046875,582.5435791015625
2019-03-12,1654.49267578125,579.0216064453125
2019-03-13,1644.668212890625,580.250244140625
2019-03-14,1633.8985595703125,580.168212890625
2019-03-15,1677.1011962890625,588.52252197265625
2019-03-18,1663.0018310546875,581.68365478515625
2019-03-19,1663.0018310546875,591.55316162109375
2019-03-20,1656.6300048828125,605.23095703125
2019-03-22,1648.9024658203125,608.630126953125
2019-03-25,1631.308837890625,602.20062255859375
2019-03-26,1629.992919921875,596.05767822265625
2019-03-27,1617.866943359375,597.65484619140625
2019-03-28,1644.5040283203125,604.28912353515625
2019-04-01,1670.277587890625,618.45843505859375
2019-04-02,1709.4520263671875,621.98046875
2019-04-03,1709.4520263671875,616.9842529296875
2019-04-04,1656.17822265625,612.5614013671875
2019-04-05,1683.9661865234375,621.8985595703125
2019-04-08,1702.42236328125,628.40997314453125
2019-04-09,1719.4822998046875,622.963134765625
2019-04-10,1677.347900390625,616.4927978515625
2019-04-11,1660.28857421875,608.30242919921875
2019-04-12,1656.17822265625,612.4385986328125
2019-04-15,1737.404541015625,595.8529052734375
2019-04-16,1752.6141357421875,593.068115234375
2019-04-18,1767.6177978515625,587.29388427734375
2019-04-22,1776.9898681640625,590.5701904296875
2019-04-23,1771.728271484375,596.42626953125
2019-04-24,1795.076904296875,603.183349609375
2019-04-25,1804.572021484375,596.7130126953125
2019-04-26,1840.3759765625,604.452880859375
2019-04-30,1858.2989501953125,615.38702392578125
2019-05-02,1821.3433837890625,598.55584716796875
2019-05-03,1752.778564453125,592.65863037109375
2019-05-06,1774.0303955078125,588.399658203125
2019-05-07,1769.1796875,593.43670654296875
2019-05-08,1769.9197998046875,589.177734375
2019-05-09,1786.1151123046875,590.5701904296875
2019-05-10,1755.9022216796875,587.13018798828125
2019-05-13,1750.1060791015625,589.46441650390625
2019-05-14,1720.1805419921875,584.67303466796875
2019-05-15,1722.6883544921875,586.5157470703125
2019-05-16,1733.6634521484375,600.43963623046875
2019-05-17,1722.7293701171875,592.904296875
2019-05-20,1762.6025390625,591.6759033203125
2019-05-21,1734.4857177734375,580.94635009765625
2019-05-22,1711.46630859375,581.31494140625
2019-05-23,1688.6932373046875,574.18927001953125
2019-05-24,1683.7193603515625,580.86456298828125
2019-05-27,1689.5975341796875,579.9635009765625
2019-05-28,1704.8892822265625,596.3443603515625
2019-05-29,1732.6773681640625,596.0986328125
2019-05-30,1764.5345458984375,600.80816650390625
2019-05-31,1805.8468017578125,604.248046875
2019-06-03,1843.4593505859375,609.89959716796875
2019-06-04,1809.313232421875,602.2415771484375
2019-06-06,1795.2236328125,602.48724365234375
2019-06-07,1808.1942138671875,605.35382080078125
2019-06-10,1849.4259033203125,617.1480712890625
2019-06-11,1867.0794677734375,618.2947998046875
2019-06-12,1873.792724609375,617.39373779296875
2019-06-13,1868.156982421875,616.8538818359375
2019-06-14,1868.4886474609375,615.0264892578125
2019-06-17,1864.095458984375,615.109619140625
2019-06-18,1865.46337890625,623.08343505859375
2019-06-19,1872.9639892578125,624.53704833984375
2019-06-20,1887.9232177734375,627.0289306640625
2019-06-21,1864.6348876953125,623.12493896484375
2019-06-24,1885.8922119140625,619.22113037109375
2019-06-25,1879.5113525390625,621.38067626953125
2019-06-26,1868.2396240234375,613.98822021484375
2019-06-27,1866.8720703125,606.80340576171875
2019-06-28,1845.862060546875,608.00775146484375
2019-07-01,1856.0977783203125,607.42645263671875
2019-07-02,1866.4990234375,614.65264892578125
2019-07-03,1854.522705078125,607.42645263671875
2019-07-04,1858.667236328125,609.50299072265625
2019-07-05,1792.7376708984375,596.3792724609375
2019-07-08,1802.931640625,596.04705810546875
2019-07-09,1768.08154296875,594.3028564453125
2019-07-10,1747.2371826171875,595.75628662109375
2019-07-11,1742.5545654296875,599.286376953125
2019-07-12,1746.740234375,603.64715576171875
2019-07-15,1778.3167724609375,647.33734130859375
2019-07-16,1749.490966796875,651.90570068359375
2019-07-17,1758.836669921875,659.6304931640625
2019-07-18,1716.2208251953125,658.426025390625
2019-07-19,1725.3585205078125,652.362548828125
2019-07-22,1752.730712890625,651.5318603515625
2019-07-23,1754.849365234375,656.224853515625
2019-07-24,1741.8482666015625,653.110107421875
2019-07-25,1767.68359375,659.9210205078125
2019-07-26,1752.024658203125,653.6915283203125
2019-07-29,1769.4281005859375,657.3878173828125
2019-07-30,1810.2576904296875,658.426025390625
2019-07-31,1832.3133544921875,659.215087890625
2019-08-01,1811.0059814453125,638.61590576171875
2019-08-02,1831.9813232421875,644.2225341796875
2019-08-05,1867.9512939453125,645.13629150390625
2019-08-06,1839.955810546875,643.267333984375
2019-08-07,1838.7513427734375,644.63775634765625
2019-08-08,1875.84326171875,655.14501953125
2019-08-09,1865.9991455078125,656.058837890625
2019-08-13,1827.1217041015625,635.2103271484375
2019-08-14,1831.233642578125,643.55792236328125
2019-08-16,1798.586181640625,643.350341796875
2019-08-19,1796.8409423828125,645.92529296875
2019-08-20,1816.5709228515625,658.467529296875
2019-08-21,1816.1142578125,664.0325927734375
2019-08-22,1840.8702392578125,660.9178466796875
2019-08-23,1867.202880859375,666.3167724609375
2019-08-26,1890.961669921875,666.60736083984375
2019-08-27,1857.899658203125,651.73956298828125
2019-08-28,1860.1837158203125,666.56591796875
2019-08-29,1855.365966796875,670.26220703125
2019-08-30,1877.089111328125,676.86566162109375
2019-09-03,1870.443115234375,676.32574462890625
2019-09-04,1865.2930908203125,682.18145751953125
2019-09-05,1840.287841796875,692.771728515625
2019-09-06,1825.5010986328125,697.83868408203125
2019-09-09,1813.3316650390625,688.66021728515625
2019-09-11,1789.3653564453125,681.184814453125
2019-09-12,1772.4188232421875,678.11151123046875
2019-09-13,1779.3551025390625,688.82647705078125
2019-09-16,1786.04248046875,687.497314453125
2019-09-17,1763.322509765625,690.4459228515625
2019-09-18,1776.5306396484375,689.28326416015625
2019-09-19,1746.1265869140625,681.68310546875
2019-09-20,1715.8052978515625,668.6424560546875
2019-09-23,1674.5601806640625,634.878173828125
2019-09-24,1698.567626953125,659.54742431640625
2019-09-25,1734.911865234375,658.384521484375
2019-09-26,1734.20556640625,649.99530029296875
2019-09-27,1708.0797119140625,649.7044677734375
2019-09-30,1743.924560546875,669.182373046875
2019-10-01,1711.2364501953125,659.132080078125
2019-10-03,1711.4854736328125,652.5286865234375
2019-10-04,1727.3519287109375,659.0489501953125
2019-10-07,1701.06005859375,655.80950927734375
2019-10-09,1678.132080078125,650.9090576171875
2019-10-10,1665.1312255859375,650.41058349609375
2019-10-11,1650.5106201171875,676.7825927734375
2019-10-14,1678.8800048828125,652.9439697265625
2019-10-15,1692.4208984375,638.158935546875
2019-10-16,1699.98046875,640.775390625
2019-10-17,1725.0794677734375,639.15582275390625
2019-10-18,1747.50390625,637.78521728515625
2019-10-22,1742.4495849609375,534.540283203125
2019-10-23,1758.3336181640625,547.19818115234375
2019-10-24,1768.4412841796875,534.37200927734375
2019-10-25,1804.9228515625,536.13824462890625
2019-10-27,1797.0655517578125,545.72650146484375
2019-10-29,1864.29541015625,547.2403564453125
2019-10-30,1913.5186767578125,555.60888671875
2019-10-31,1927.830078125,576.6356201171875
2019-11-01,1869.4345703125,578.57012939453125
2019-11-04,1863.53125,596.31658935546875
2019-11-05,1870.2413330078125,585.46673583984375
2019-11-06,1858.9024658203125,599.09210205078125
2019-11-07,1856.226318359375,605.65240478515625
2019-11-08,1809.1700439453125,595.60162353515625
2019-11-11,1784.5379638671875,592.44775390625
2019-11-13,1850.4930419921875,581.47174072265625
2019-11-14,1865.9517822265625,593.2047119140625
2019-11-15,1846.9678955078125,592.027099609375
2019-11-18,1828.408935546875,593.12054443359375
2019-11-19,1791.2052001953125,599.55462646484375
2019-11-20,1790.9930419921875,599.6807861328125
2019-11-21,1799.104736328125,599.89117431640625
2019-11-22,1759.6922607421875,583.0277099609375
2019-11-25,1768.0167236328125,587.14892578125
2019-11-26,1738.415283203125,580.84100341796875
2019-11-27,1744.913330078125,585.17242431640625
2019-11-28,1764.4918212890625,590.30291748046875
2019-11-29,1744.0213623046875,585.67706298828125
2019-12-02,1716.6705322265625,582.60711669921875
2019-12-03,1742.1099853515625,587.35919189453125
2019-12-04,1765.468505859375,596.19036865234375
2019-12-05,1801.8226318359375,601.23681640625
2019-12-06,1803.7762451171875,601.44708251953125
2019-12-09,1750.1368408203125,603.2554931640625
2019-12-10,1709.7056884765625,600.9844970703125
2019-12-11,1734.3804931640625,606.45147705078125
2019-12-12,1716.5430908203125,590.5133056640625
2019-12-13,1759.310302734375,598.2509765625
2019-12-16,1806.4521484375,600.52191162109375
2019-12-17,1838.8984375,613.72674560546875
2019-12-18,1841.2769775390625,616.0396728515625
2019-12-19,1893.3450927734375,614.69384765625
2019-12-20,1888.121337890625,615.28271484375
2019-12-23,1895.595703125,619.025390625
2019-12-24,1881.920654296875,616.838623046875
2019-12-26,1870.326171875,613.09588623046875
2019-12-27,1867.395751953125,619.824462890625
2019-12-30,1854.400146484375,616.41802978515625
2019-12-31,1836.138427734375,614.9462890625
2020-01-01,1841.1492919921875,619.74029541015625
2020-01-02,1832.69775390625,617.93206787109375
2020-01-03,1869.2215576171875,627.4361572265625
2020-01-06,1869.0523681640625,621.42236328125
2020-01-07,1873.6390380859375,612.21270751953125
2020-01-08,1915.59912109375,604.054443359375
2020-01-09,1880.8592529296875,611.9183349609375
2020-01-10,1880.1796875,620.833740234375
2020-01-13,1860.4730224609375,650.60748291015625
2020-01-14,1874.5306396484375,652.3736572265625
2020-01-15,1891.5184326171875,645.56097412109375
2020-01-16,1901.6268310546875,645.0985107421875
2020-01-17,1884.8929443359375,645.8133544921875
2020-01-20,1843.48583984375,646.31805419921875
2020-01-21,1844.0799560546875,641.313720703125
2020-01-22,1874.5306396484375,647.7899169921875
2020-01-23,1865.208984375,659.69097900390625
2020-01-24,1858.78125,658.34539794921875
2020-01-27,1846.7354736328125,654.4344482421875
2020-01-28,1859.0799560546875,654.35015869140625
2020-01-29,1834.263427734375,664.1907958984375
2020-01-30,1820.0035400390625,656.62109375
2020-01-31,1769.9459228515625,652.62603759765625
2020-02-03,1789.9093017578125,645.4349365234375
2020-02-04,1794.3785400390625,662.63470458984375
2020-02-05,1827.4102783203125,659.85919189453125
2020-02-06,1811.916015625,648.75714111328125
2020-02-07,1818.8968505859375,653.76153564453125
2020-02-10,1840.5206298828125,650.3131103515625
2020-02-11,1833.241455078125,650.60748291015625
2020-02-12,1848.0123291015625,656.9154052734375
2020-02-13,1866.06005859375,666.33544921875
2020-02-14,1859.46240234375,661.457275390625
2020-02-17,1875.6800537109375,663.98046875
2020-02-18,1886.3212890625,670.87713623046875
2020-02-19,1869.805908203125,673.2322998046875
2020-02-20,1836.1358642578125,670.3304443359375
2020-02-24,1800.848876953125,669.36309814453125
2020-02-25,1835.5826416015625,671.508056640625
2020-02-26,1807.8724365234375,658.34539794921875
2020-02-27,1792.4635009765625,654.22406005859375
2020-02-28,1702.7763671875,615.4088134765625
2020-03-02,1703.75537109375,623.2728271484375
2020-03-03,1733.46630859375,628.2772216796875
2020-03-04,1773.4786376953125,638.1597900390625
2020-03-05,1809.106689453125,634.66925048828125
2020-03-06,1801.7855224609375,621.506591796875
2020-03-09,1679.1092529296875,592.48980712890625
2020-03-11,1663.2320556640625,576.97210693359375
2020-03-12,1506.71630859375,530.88153076171875
2020-03-13,1537.7469482421875,540.2593994140625
2020-03-16,1444.1864013671875,490.46829223632812
2020-03-17,1411.4957275390625,466.75018310546875
2020-03-18,1408.4306640625,449.38217163085938
2020-03-19,1403.242919921875,458.84417724609375
2020-03-20,1541.3931884765625,492.19256591796875
2020-03-23,1431.8419189453125,442.77984619140625
2020-03-24,1460.52685546875,496.06134033203125
2020-03-25,1500.9599609375,509.85494995117188
2020-03-26,1535.8189697265625,540.80621337890625
2020-03-27,1564.58984375,548.964599609375
2020-03-30,1525.142578125,527.0968017578125
2020-03-31,1565.9617919921875,539.54461669921875
2020-04-01,1465.328857421875,506.9952392578125
2020-04-03,1418.5496826171875,492.613037109375
2020-04-07,1522.3126220703125,537.44195556640625
2020-04-08,1462.4991455078125,531.2178955078125
2020-04-09,1514.5521240234375,535.12890625
2020-04-13,1508.635009765625,536.09625244140625
2020-04-15,1487.9681396484375,537.48394775390625
2020-04-16,1471.5892333984375,524.69976806640625
2020-04-17,1548.896484375,528.8209228515625
2020-04-20,1559.5728759765625,549.46917724609375
2020-04-21,1490.1119384765625,532.5638427734375
2020-04-22,1517.4244384765625,539.8388671875
2020-04-23,1610.6827392578125,571.3369140625
2020-04-24,1559.4874267578125,553.42218017578125
2020-04-27,1574.966064453125,558.97308349609375
2020-04-28,1594.2178955078125,555.6929931640625
2020-04-29,1634.179443359375,569.02386474609375
2020-04-30,1727.480224609375,601.7835693359375
2020-05-04,1655.44677734375,566.62701416015625
2020-05-05,1657.4189453125,566.62701416015625
2020-05-06,1632.4212646484375,560.0665283203125
2020-05-07,1622.1739501953125,559.26763916015625
2020-05-08,1623.674560546875,567.04742431640625
2020-05-11,1659.605712890625,574.36474609375
2020-05-12,1671.78271484375,578.35986328125
2020-05-13,1671.91162109375,583.82684326171875
2020-05-14,1631.3492431640625,553.54833984375
2020-05-15,1623.2459716796875,548.62823486328125
2020-05-18,1668.4383544921875,558.384521484375
2020-05-19,1671.0535888671875,562.3375244140625
2020-05-20,1675.2987060546875,563.136474609375
2020-05-21,1707.5423583984375,565.36529541015625
2020-05-22,1732.5399169921875,582.312744140625
2020-05-26,1666.2086181640625,572.3883056640625
2020-05-27,1719.6337890625,593.33087158203125
2020-05-28,1718.7763671875,594.97088623046875
2020-05-29,1691.37744140625,589.0885009765625
2020-06-01,1753.892578125,596.3775634765625
2020-06-02,1755.5218505859375,603.66650390625
2020-06-03,1759.8223876953125,598.0826416015625
2020-06-04,1798.86962890625,603.3681640625
2020-06-05,1761.628173828125,599.78759765625
2020-06-08,1781.83984375,614.53607177734375
2020-06-09,1782.0975341796875,611.7655029296875
2020-06-10,1813.662353515625,610.2735595703125
2020-06-11,1778.3135986328125,600.12860107421875
2020-06-12,1754.1029052734375,589.983642578125
2020-06-15,1745.8463134765625,586.1473388671875
2020-06-16,1759.5211181640625,597.7841796875
2020-06-17,1761.241455078125,599.87286376953125
2020-06-18,1752.89892578125,608.61114501953125
2020-06-19,1758.4892578125,601.4925537109375
2020-06-22,1744.169189453125,599.91552734375
2020-06-23,1750.4906005859375,614.36572265625
2020-06-24,1756.4249267578125,608.82427978515625
2020-06-25,1733.9771728515625,597.18743896484375
2020-06-26,1822.348876953125,637.8525390625
2020-06-29,1807.555908203125,623.82855224609375
2020-06-30,1790.7843017578125,627.40911865234375
2020-07-01,1799.2989501953125,623.95648193359375
2020-07-02,1855.2891845703125,645.01361083984375
2020-07-03,1891.842041015625,650.2138671875
2020-07-06,1946.4989013671875,651.32220458984375
2020-07-07,1952.261962890625,677.02557373046875
2020-07-08,1908.398193359375,660.444091796875
2020-07-09,1895.884521484375,666.4117431640625
2020-07-10,1911.36572265625,666.5396728515625
2020-07-13,1909.3443603515625,679.49786376953125
2020-07-14,1868.018310546875,667.7330322265625
2020-07-15,1921.2994384765625,708.3980712890625
2020-07-16,1926.342041015625,776.64202880859375
2020-07-17,1897.0340576171875,769.9498291015625
2020-07-20,1903.197265625,796.50567626953125
2020-07-21,1917.9805908203125,798.59442138671875
2020-07-22,1888.586669921875,782.5245361328125
2020-07-23,1871.5626220703125,774.0418701171875
2020-07-24,1859.666259765625,786.7442626953125
2020-07-27,1902.2496337890625,808.56878662109375
2020-07-28,1990.9915771484375,820.84503173828125
2020-07-29,1961.9423828125,813.42803955078125
2020-07-30,1964.9163818359375,819.65155029296875
2020-07-31,1966.5537109375,823.53045654296875
2020-08-03,1943.0643310546875,815.77252197265625
2020-08-04,1939.2291259765625,809.76220703125
2020-08-05,1947.67578125,805.371826171875
2020-08-06,1989.569580078125,827.6651611328125
2020-08-07,1978.578857421875,810.657470703125
2020-08-10,1967.7611083984375,811.04107666015625
2020-08-11,1965.2611083984375,808.56878662109375
2020-08-12,1945.8236083984375,814.11016845703125
2020-08-13,1943.3233642578125,810.91326904296875
2020-08-14,1932.7210693359375,812.959228515625
2020-08-17,1942.41796875,816.28411865234375
2020-08-18,1956.5115966796875,824.85186767578125
2020-08-19,1945.1767578125,817.818603515625
2020-08-20,1941.94384765625,814.28076171875
2020-08-21,1938.280517578125,808.86712646484375
2020-08-24,1937.8497314453125,807.6737060546875
2020-08-25,1933.15185546875,799.7452392578125
2020-08-26,1942.5045166015625,810.57208251953125
2020-08-27,1938.1080322265625,807.375244140625
2020-08-28,1929.617431640625,797.31549072265625
2020-08-31,1945.7371826171875,791.64642333984375
2020-09-01,1936.3411865234375,779.32745361328125
2020-09-02,1952.5465087890625,787.72479248046875
2020-09-03,1982.15625,797.57135009765625
2020-09-04,1972.9329833984375,783.59014892578125
2020-09-07,2005.904052734375,788.6199951171875
2020-09-08,2024.1356201171875,800.768310546875
2020-09-09,2006.4215087890625,790.9217529296875
2020-09-10,2009.4381103515625,801.40765380859375
2020-09-11,2046.4603271484375,806.22442626953125
2020-09-14,2147.5732421875,834.1015625
2020-09-15,2147.5732421875,837.5543212890625
2020-09-16,2157.572265625,854.0079345703125
2020-09-17,2121.325439453125,861.8935546875
2020-09-18,2111.80029296875,854.348876953125
2020-09-21,2125.074951171875,860.95587158203125
2020-09-22,2174.769287109375,858.90985107421875
2020-09-23,2126.927978515625,869.353271484375
2020-09-24,2010.3861083984375,831.5440673828125
2020-09-25,2088.00927734375,862.27734375
2020-09-28,2091.457763671875,861.38214111328125
2020-09-29,2144.987060546875,860.18853759765625
2020-09-30,2148.3486328125,859.54913330078125
2020-10-01,2175.19970703125,867.56298828125
2020-10-05,2332.38427734375,894.03350830078125
2020-10-06,2339.711669921875,900.04376220703125
2020-10-07,2358.3740234375,909.25103759765625
2020-10-08,2435.7373046875,932.3966064453125
2020-10-09,2424.747314453125,943.5648193359375
2020-10-12,2439.444091796875,965.13330078125
2020-10-13,2436.470703125,987.04302978515625
2020-10-14,2432.185546875,969.3104248046875
2020-10-15,2372.4541015625,944.80084228515625
2020-10-16,2392.1044921875,961.21185302734375
2020-10-19,2347.30615234375,959.847900390625
2020-10-20,2371.0693359375,969.7369384765625
2020-10-21,2316.012451171875,978.98663330078125
2020-10-22,2312.33349609375,962.53314208984375
2020-10-23,2325.880859375,967.22930908203125
2020-10-26,2327.09326171875,958.5693359375
2020-10-27,2276.8408203125,939.95721435546875
2020-10-28,2269.958984375,927.6353759765625
2020-10-29,2279.004638671875,926.17047119140625
2020-10-30,2306.879638671875,913.89166259765625
2020-11-02,2254.72314453125,923.97320556640625
2020-11-03,2279.82763671875,915.572021484375
2020-11-04,2296.751220703125,942.62841796875
2020-11-05,2324.928955078125,951.28839111328125
2020-11-06,2343.7568359375,958.82794189453125
2020-11-09,2360.33447265625,979.3360595703125
2020-11-10,2293.677978515625,940.12969970703125
2020-11-11,2326.746826171875,967.22930908203125
2020-11-12,2312.247314453125,963.13623046875
2020-11-13,2299.954345703125,968.694091796875
2020-11-14,2311.640869140625,976.66448974609375
2020-11-17,2307.91943359375,968.2633056640625
2020-11-18,2273.811279296875,956.932373046875
2020-11-19,2282.68408203125,945.04119873046875
2020-11-20,2302.8974609375,950.72821044921875
2020-11-23,2358.300537109375,982.179443359375
2020-11-24,2356.395751953125,982.351806640625
2020-11-25,2338.43359375,961.32696533203125
2020-11-26,2355.141357421875,959.2156982421875
2020-11-27,2319.69189453125,947.84161376953125
2020-12-01,2360.50830078125,980.4559326171875
2020-12-02,2380.2021484375,983.08428955078125
2020-12-03,2345.48876953125,970.6328125
2020-12-04,2361.157470703125,977.6983642578125
2020-12-07,2369.943603515625,985.324462890625
2020-12-08,2421.537841796875,993.81201171875
2020-12-09,2433.224365234375,1012.639404296875
2020-12-10,2410.2841796875,1006.219970703125
2020-12-11,2409.677734375,1002.299560546875
2020-12-14,2421.884033203125,1003.4625244140625
2020-12-15,2390.590087890625,994.888916015625
2020-12-16,2436.167724609375,1004.4537353515625
2020-12-17,2456.943603515625,998.852783203125
2020-12-18,2476.680419921875,1025.219970703125
2020-12-21,2441.318603515625,1014.448974609375
2020-12-22,2486.635986328125,1051.67333984375
2020-12-23,2518.016357421875,1079.7208251953125
2020-12-24,2518.53564453125,1065.072265625
2020-12-28,2535.892333984375,1068.7344970703125
2020-12-29,2536.8447265625,1077.351318359375
2020-12-30,2518.4931640625,1074.33544921875
2020-12-31,2478.195556640625,1082.090576171875
2021-01-01,2534.896728515625,1086.09716796875
2021-01-04,2631.159912109375,1110.0517578125
2021-01-05,2677.515625,1114.8341064453125
2021-01-06,2641.5908203125,1104.75244140625
2021-01-07,2625.4033203125,1087.5618896484375
2021-01-08,2701.668212890625,1130.6025390625
2021-01-11,2749.755859375,1185.8359375
2021-01-12,2748.370849609375,1182.00146484375
2021-01-13,2734.607177734375,1195.2713623046875
2021-01-14,2819.387451171875,1180.9244384765625
2021-01-15,2804.339599609375,1158.9088134765625
2021-01-18,2794.2783203125,1130.5594482421875
2021-01-19,2828.060302734375,1134.5234375
2021-01-20,2869.778564453125,1154.1693115234375
2021-01-21,2839.467041015625,1154.3848876953125
2021-01-22,2864.834716796875,1155.3758544921875
2021-01-25,2854.600341796875,1141.8045654296875
2021-01-27,2828.3642578125,1121.0379638671875
2021-01-28,2772.421630859375,1099.6685791015625
2021-01-29,2698.527099609375,1067.657470703125
2021-02-01,2722.81201171875,1086.4849853515625
2021-02-02,2778.40673828125,1095.4033203125
2021-02-03,2775.45751953125,1106.9498291015625
2021-02-04,2765.397216796875,1102.3826904296875
2021-02-05,2738.94384765625,1096.1358642578125
2021-02-08,2787.643798828125,1123.2354736328125
2021-02-09,2755.37939453125,1124.958740234375
2021-02-10,2786.94970703125,1117.16064453125
2021-02-11,2780.6181640625,1113.8431396484375
2021-02-12,2767.4345703125,1128.6209716796875
2021-02-15,2723.244873046875,1128.4915771484375
2021-02-16,2696.314697265625,1111.904296875
2021-02-17,2665.351806640625,1104.0631103515625
2021-02-18,2651.6923828125,1113.6707763671875
2021-02-19,2664.267578125,1112.679931640625
2021-02-22,2565.913818359375,1090.190185546875
2021-02-23,2584.777099609375,1091.18115234375
2021-02-24,2556.93701171875,1098.03125
2021-02-25,2597.874267578125,1098.2469482421875
2021-02-26,2510.275634765625,1079.9361572265625
2021-03-01,2536.208251953125,1091.7410888671875
2021-03-02,2607.45849609375,1124.0540771484375
2021-03-03,2653.20947265625,1157.7022705078125
2021-03-04,2645.056640625,1146.3282470703125
2021-03-05,2608.9326171875,1134.56640625
2021-03-08,2607.979248046875,1150.9813232421875
2021-03-09,2646.140869140625,1159.42578125
2021-03-10,2663.487060546875,1178.8994140625
2021-03-12,2652.21142578125,1184.672607421875
2021-03-15,2659.323974609375,1183.595703125
2021-03-16,2697.39892578125,1192.5570068359375
2021-03-17,2699.91455078125,1195.14208984375
2021-03-18,2633.6083984375,1152.1446533203125
2021-03-19,2645.490478515625,1158.477783203125
2021-03-22,2714.39794921875,1181.182861328125
2021-03-23,2725.63037109375,1181.8292236328125
2021-03-24,2706.9833984375,1166.4913330078125
2021-03-25,2658.19580078125,1149.3011474609375
2021-03-26,2659.887451171875,1151.369140625
2021-03-30,2739.464111328125,1193.677490234375
2021-03-31,2756.20361328125,1178.8134765625
2021-04-01,2745.0576171875,1193.591064453125
2021-04-05,2809.152587890625,1214.87451171875
2021-04-06,2831.529296875,1215.865478515625
2021-04-07,2837.340576171875,1232.3663330078125
2021-04-08,2877.19384765625,1240.681396484375
2021-04-09,2881.443359375,1241.7156982421875
2021-04-12,2815.78759765625,1228.5318603515625
2021-04-13,2692.195556640625,1203.8880615234375
2021-04-15,2791.849853515625,1172.523193359375
2021-04-16,2771.20751953125,1166.4913330078125
2021-04-19,2742.282470703125,1174.0740966796875
2021-04-20,2727.32177734375,1164.4234619140625
2021-04-22,2704.98779296875,1164.207763671875
2021-04-23,2696.9228515625,1149.3011474609375
2021-04-26,2689.376708984375,1157.7022705078125
2021-04-27,2716.43701171875,1161.967529296875
2021-04-28,2709.584716796875,1168.4302978515625
2021-04-29,2701.90966796875,1168.7318115234375
2021-04-30,2632.870849609375,1167.0084228515625
2021-05-03,2634.041748046875,1165.026611328125
2021-05-04,2645.10009765625,1145.509521484375
2021-05-05,2684.953125,1155.9359130859375
2021-05-06,2698.61328125,1173.255615234375
2021-05-07,2717.2177734375,1165.45751953125
2021-05-10,2728.1455078125,1154.255859375
2021-05-11,2708.284423828125,1146.5867919921875
2021-05-12,2677.92822265625,1143.4415283203125
2021-05-14,2646.617919921875,1134.307861328125
2021-05-17,2662.44580078125,1145.509521484375
2021-05-18,2678.968505859375,1154.643310546875
2021-05-19,2673.070556640625,1152.0584716796875
2021-05-20,2653.990234375,1154.040283203125
2021-05-21,2671.77001953125,1167.137451171875
2021-05-24,2672.637451171875,1161.5797119140625
2021-05-25,2714.036376953125,1173.255615234375
2021-05-26,2752.820556640625,1203.974365234375
2021-05-27,2771.559814453125,1208.2825927734375
2021-05-28,2739.833984375,1210.6954345703125
2021-05-31,2753.38671875,1213.9180908203125
2021-06-01,2748.02734375,1208.213134765625
2021-06-02,2727.501953125,1200.7662353515625
2021-06-03,2737.785888671875,1210.34716796875
2021-06-04,2739.965087890625,1206.863037109375
2021-06-07,2774.34765625,1210.34716796875
2021-06-08,2789.1201171875,1230.6405029296875
2021-06-09,2789.207763671875,1232.6875
2021-06-10,2803.632568359375,1240.526123046875
2021-06-11,2853.311279296875,1260.2103271484375
2021-06-14,2855.5341796875,1273.1878662109375
2021-06-15,2843.680419921875,1283.7264404296875
2021-06-16,2853.791015625,1289.5618896484375
2021-06-17,2891.6162109375,1302.3653564453125
2021-06-18,2873.793701171875,1309.3330078125
2021-06-21,2852.70166015625,1306.719970703125
2021-06-22,2877.192138671875,1316.77978515625
2021-06-23,2842.50390625,1309.202392578125
2021-06-24,2940.293212890625,1358.0201416015625
2021-06-25,2946.568359375,1371.0848388671875
2021-06-28,2908.176025390625,1368.9947509765625
2021-06-29,2911.749267578125,1361.373779296875
2021-06-30,2916.02001953125,1376.833251953125
2021-07-01,2912.316162109375,1359.0654296875
2021-07-02,2898.32763671875,1365.5108642578125
2021-07-05,2894.44921875,1375.22216796875
2021-07-06,2843.28857421875,1360.63330078125
2021-07-07,2854.313720703125,1362.7236328125
2021-07-08,2839.976806640625,1359.3702392578125
2021-07-09,2796.093505859375,1361.2430419921875
2021-07-12,2782.97607421875,1348.134765625
2021-07-13,2778.139404296875,1345.6090087890625
2021-07-14,2801.671875,1373.4365234375
2021-07-15,2797.65380859375,1376.833251953125
2021-07-16,2790.53466796875,1354.754150390625
2021-07-19,2781.625732421875,1342.7783203125
2021-07-20,2800.142822265625,1350.0511474609375
2021-07-22,2809.358154296875,1385.0205078125
2021-07-23,2806.301025390625,1385.2384033203125
2021-07-26,2792.93701171875,1396.952880859375
2021-07-27,2780.1845703125,1395.7772216796875
2021-07-28,2793.155029296875,1398.4332275390625
2021-07-29,2791.408447265625,1408.362548828125
2021-07-30,2766.645263671875,1402.7012939453125
2021-08-02,2812.02197265625,1421.035400390625
2021-08-03,2869.233642578125,1441.633544921875
2021-08-04,2859.66943359375,1436.4515380859375
2021-08-05,2868.404052734375,1440.196533203125
2021-08-06,2890.982666015625,1437.27880859375
2021-08-09,2902.25,1448.688720703125
2021-08-10,2912.033203125,1460.8387451171875
2021-08-11,2921.02978515625,1461.1002197265625
2021-08-12,2927.624755859375,1471.5953369140625
2021-08-13,3025.14697265625,1491.2791748046875
2021-08-16,3033.488037109375,1484.4853515625
2021-08-17,3103.4521484375,1516.92919921875
2021-08-18,3110.003662109375,1509.7872314453125
2021-08-20,3109.086181640625,1509.351806640625
2021-08-23,3177.128662109375,1514.4036865234375
2021-08-24,3155.9912109375,1498.8131103515625
2021-08-25,3195.995361328125,1511.6165771484375
2021-08-26,3207.219970703125,1504.779296875
2021-08-27,3249.40771484375,1488.31787109375
2021-08-30,3232.943603515625,1478.954833984375
2021-08-31,3307.31787109375,1486.271240234375
2021-09-01,3244.86572265625,1461.2740478515625
2021-09-02,3351.25390625,1471.15966796875
2021-09-03,3355.8828125,1481.219482421875
2021-09-06,3364.574462890625,1507.130615234375
2021-09-07,3333.0419921875,1486.4453125
2021-09-08,3296.5751953125,1474.774169921875
2021-09-09,3311.64208984375,1473.337158203125
2021-09-13,3358.765869140625,1473.598388671875
2021-09-14,3394.1845703125,1468.59033203125
2021-09-15,3454.14697265625,1490.6259765625
2021-09-16,3409.382568359375,1482.6131591796875
2021-09-17,3343.47998046875,1473.07568359375
2021-09-20,3339.6796875,1470.071044921875
2021-09-21,3374.138427734375,1496.7225341796875
2021-09-22,3373.439453125,1495.372802734375
2021-09-23,3379.64111328125,1517.7132568359375
2021-09-24,3381.431640625,1536.264892578125
2021-09-27,3351.42822265625,1499.074462890625
2021-09-28,3300.94189453125,1469.417724609375
2021-09-29,3312.07861328125,1473.9031982421875
2021-09-30,3297.797607421875,1459.0533447265625
2021-10-01,3258.18603515625,1450.2999267578125
2021-10-04,3295.832763671875,1462.14501953125
2021-10-05,3348.240234375,1474.38232421875
2021-10-06,3328.674072265625,1457.6163330078125
2021-10-07,3400.29833984375,1472.8145751953125
2021-10-08,3437.63916015625,1501.4259033203125
2021-10-11,3219.23046875,1472.77099609375
2021-10-12,3190.624267578125,1467.71923828125
2021-10-13,3192.676025390625,1488.6661376953125
2021-10-14,3160.51513671875,1494.37109375
2021-10-18,3191.758056640625,1560.9134521484375
2021-10-19,3180.380615234375,1587.0426025390625
2021-10-20,3158.23974609375,1569.79736328125
2021-10-21,3091.423095703125,1527.3809814453125
2021-10-22,3061.974853515625,1497.8985595703125
2021-10-25,3056.81103515625,1487.22900390625
2021-10-26,3047.754150390625,1497.0267333984375
2021-10-27,3054.0107421875,1519.213623046875
2021-10-28,2994.4140625,1497.202392578125
2021-10-29,2973.498779296875,1465.4373779296875
2021-11-01,3042.328125,1493.8193359375
2021-11-02,3049.154052734375,1491.9300537109375
2021-11-03,3056.19921875,1495.9720458984375
2021-11-04,3070.551025390625,1501.419921875
2021-11-08,3065.387939453125,1526.726318359375
2021-11-09,3067.969482421875,1531.119873046875
2021-11-10,3049.2412109375,1529.054931640625
2021-11-11,3052.65478515625,1523.035888671875
2021-11-12,3085.778564453125,1564.246337890625
2021-11-15,3109.6259765625,1570.3533935546875
2021-11-16,3112.33935546875,1574.8787841796875
2021-11-17,3082.14697265625,1570.6168212890625
2021-11-18,3041.715576171875,1563.54345703125
2021-11-22,3026.575439453125,1545.9696044921875
2021-11-23,3031.69482421875,1526.1990966796875
2021-11-24,3013.361328125,1490.2607421875
2021-11-25,3015.636474609375,1513.4580078125
2021-11-26,3016.4677734375,1486.4384765625
2021-11-29,3064.73193359375,1490.568115234375
2021-11-30,3088.491943359375,1504.890869140625
2021-12-01,3131.06689453125,1506.867919921875
2021-12-02,3188.0380859375,1536.1722412109375
2021-12-03,3185.894287109375,1525.0130615234375
2021-12-06,3094.836669921875,1489.6455078125
2021-12-07,3136.930419921875,1504.01220703125
2021-12-08,3174.036376953125,1540.6536865234375
2021-12-09,3152.0263671875,1549.5281982421875
2021-12-10,3182.699951171875,1545.8380126953125
2021-12-13,3158.940185546875,1533.0089111328125
2021-12-14,3171.323486328125,1539.59912109375
2021-12-15,3124.547119140625,1523.82666015625
2021-12-16,3134.392578125,1556.6895751953125
2021-12-17,3136.79931640625,1599.965087890625
2021-12-20,3112.7763671875,1580.6781005859375
2021-12-21,3157.75830078125,1591.8372802734375
2021-12-22,3177.406005859375,1603.34814453125
2021-12-23,3205.365966796875,1632.2572021484375
2021-12-24,3212.54248046875,1637.4412841796875
2021-12-27,3234.59619140625,1639.7698974609375
2021-12-28,3243.74072265625,1658.9693603515625
2021-12-29,3233.370849609375,1656.8165283203125
2021-12-30,3267.54443359375,1663.2310791015625
2021-12-31,3271.57080078125,1658.7496337890625
2022-01-03,3341.056396484375,1668.151611328125
2022-01-04,3399.6904296875,1668.766845703125
2022-01-05,3378.86181640625,1620.878173828125
2022-01-06,3332.041748046875,1597.285400390625
2022-01-07,3372.342041015625,1594.209716796875
2022-01-10,3395.402587890625,1626.238037109375
2022-01-11,3426.95068359375,1630.4996337890625
2022-01-12,3377.943603515625,1649.6990966796875
2022-01-13,3411.19873046875,1666.7017822265625
2022-01-14,3472.677490234375,1695.3033447265625
2022-01-17,3517.30859375,1704.221923828125
2022-01-18,3492.323974609375,1687.7464599609375
2022-01-19,3431.877197265625,1640.5606689453125
2022-01-20,3354.641845703125,1602.46923828125
2022-01-21,3360.734619140625,1569.0791015625
2022-01-24,3306.249755859375,1526.1112060546875
2022-01-25,3304.978515625,1513.238525390625
2022-01-27,3199.207763671875,1474.971435546875
2022-01-28,3234.975341796875,1481.6492919921875
2022-01-31,3275.477783203125,1525.583984375
2022-02-01,3331.935791015625,1557.085205078125
2022-02-02,3380.63525390625,1570.309326171875
2022-02-03,3352.9326171875,1527.64892578125
2022-02-04,3344.427978515625,1529.889404296875
2022-02-07,3312.95556640625,1506.955810546875
2022-02-08,3281.790283203125,1508.97705078125
2022-02-09,3296.780517578125,1526.55078125
2022-02-10,3305.372314453125,1554.9322509765625
2022-02-11,3239.271240234375,1512.5355224609375
2022-02-14,3273.2861328125,1478.1346435546875
2022-02-15,3346.970947265625,1527.38525390625
2022-02-16,3342.8505859375,1523.035888671875
2022-02-17,3317.5146484375,1515.567138671875
2022-02-18,3326.017822265625,1499.8822021484375
2022-02-21,3260.70556640625,1520.7513427734375
2022-02-22,3144.10791015625,1523.95849609375
2022-02-23,3124.294921875,1531.42724609375
2022-02-24,2982.142333984375,1474.5760498046875
2022-02-25,3086.55419921875,1489.0303955078125
2022-02-28,3115.879150390625,1507.48291015625
2022-03-02,3108.821533203125,1496.235595703125
2022-03-03,3107.2880859375,1512.0960693359375
2022-03-04,3089.710205078125,1514.248779296875
2022-03-07,3055.124755859375,1528.7913818359375
2022-03-08,3155.987060546875,1562.48876953125
2022-03-09,3184.6103515625,1593.3751220703125
2022-03-10,3174.39794921875,1604.4027099609375
2022-03-11,3155.28564453125,1600.975830078125
2022-03-14,3193.7275390625,1661.3419189453125
2022-03-15,3150.68359375,1616.177001953125
2022-03-16,3205.036865234375,1660.199462890625
2022-03-17,3219.80908203125,1629.6212158203125
2022-03-21,3179.438720703125,1628.2591552734375
2022-03-22,3244.531494140625,1658.442138671875
2022-03-23,3254.5693359375,1645.261962890625
2022-03-24,3287.401123046875,1657.826904296875
2022-03-25,3250.22998046875,1648.9083251953125
2022-03-28,3250.44873046875,1646.579833984375
2022-03-29,3248.389404296875,1657.2120361328125
2022-03-30,3271.357421875,1672.9844970703125
2022-03-31,3278.721435546875,1675.53271484375
2022-04-01,3295.203125,1672.633056640625
2022-04-04,3305.372314453125,1654.53173828125
2022-04-05,3344.3408203125,1635.3326416015625
2022-04-06,3292.222412109375,1606.9947509765625
2022-04-07,3229.80322265625,1591.310302734375
2022-04-08,3231.1181640625,1594.473388671875
2022-04-11,3240.54248046875,1552.252197265625
2022-04-12,3235.896484375,1531.075927734375
2022-04-13,3210.341064453125,1536.435791015625
2022-04-18,3092.9541015625,1424.710205078125
2022-04-19,3043.7294921875,1372.5159912109375
2022-04-20,3118.158203125,1395.0982666015625
2022-04-21,3181.1474609375,1422.4256591796875
2022-04-22,3167.033447265625,1393.1212158203125
2022-04-25,3110.618408203125,1371.72509765625
2022-04-26,3108.95361328125,1389.2109375
2022-04-27,3122.015869140625,1364.43212890625
2022-04-28,3142.267333984375,1390.6170654296875
2022-04-29,3109.30419921875,1377.392822265625
2022-05-02,3105.53515625,1354.0634765625
2022-05-04,3050.61083984375,1349.2745361328125
2022-05-05,3080.1103515625,1392.8577880859375
2022-05-06,3009.27587890625,1355.6890869140625
2022-05-09,3020.234619140625,1379.8529052734375
2022-05-10,3014.667236328125,1364.6077880859375
2022-05-11,2991.216064453125,1341.5418701171875
2022-05-12,2988.279052734375,1325.7696533203125
2022-05-13,2993.759033203125,1321.9033203125
2022-05-16,2960.35693359375,1308.4593505859375
2022-05-17,3025.932373046875,1334.2489013671875
2022-05-18,3023.47802734375,1326.1209716796875
2022-05-19,2859.670654296875,1254.024658203125
2022-05-20,2886.8916015625,1278.6278076171875
2022-05-23,2912.09619140625,1290.2706298828125
2022-05-24,2882.508544921875,1266.1943359375
2022-05-25,2795.7060546875,1239.3502197265625
2022-05-26,2848.04345703125,1251.21240234375
2022-05-27,2878.35986328125,1284.07568359375
2022-05-30,2978.93017578125,1341.5859375
2022-05-31,2969.31005859375,1335.1923828125
2022-06-01,2961.23388671875,1312.947998046875
2022-06-02,3021.073486328125,1339.0997314453125
2022-06-03,3036.20947265625,1351.26513671875
2022-06-06,3028.08984375,1358.68017578125
2022-06-07,2967.853759765625,1337.9453125
2022-06-08,3004.43701171875,1331.995849609375
2022-06-09,3024.692138671875,1345.315673828125
2022-06-10,2965.382568359375,1311.3941650390625
2022-06-13,2841.55712890625,1264.9520263671875
2022-06-14,2833.56884765625,1279.2044677734375
2022-06-15,2829.818359375,1262.9095458984375
2022-06-16,2773.068115234375,1240.7095947265625
2022-06-17,2726.20361328125,1231.9183349609375
2022-06-20,2746.9443359375,1255.76123046875
2022-06-21,2834.80517578125,1287.507080078125
2022-06-22,2844.513427734375,1276.2738037109375
2022-06-23,2920.282470703125,1289.7713623046875
2022-06-24,2906.42626953125,1279.6927490234375
2022-06-27,2925.490234375,1309.440673828125
2022-06-28,2928.53515625,1314.368896484375
2022-06-29,2904.1318359375,1299.3619384765625
2022-06-30,2883.479248046875,1298.1632080078125
2022-07-01,2925.843017578125,1313.702880859375
2022-07-04,2855.192626953125,1321.3397216796875
2022-07-05,2838.643798828125,1310.6392822265625
2022-07-06,2877.875,1324.5809326171875
2022-07-07,2901.79345703125,1330.84130859375
2022-07-08,2882.022705078125,1344.8272705078125
2022-07-11,2748.1796875,1308.1529541015625
2022-07-12,2722.496826171875,1277.47265625
2022-07-13,2681.942626953125,1282.6673583984375
2022-07-14,2653.624755859375,1268.8148193359375
2022-07-15,2649.9521484375,1270.146728515625
2022-07-18,2710.922607421875,1323.0269775390625
2022-07-19,2720.435791015625,1317.9208984375
2022-07-20,2800.564208984375,1345.5821533203125
2022-07-21,2811.625732421875,1361.2109375
2022-07-22,2806.051025390625,1337.590087890625
2022-07-25,2802.290283203125,1335.1923828125
2022-07-26,2757.2919921875,1288.6170654296875
2022-07-27,2821.846435546875,1306.2880859375
2022-07-28,2885.250244140625,1347.4468994140625
2022-07-29,2921.885009765625,1376.129150390625
2022-08-01,2919.1416015625,1377.327880859375
2022-08-02,2912.947509765625,1370.71240234375
2022-08-03,2955.157958984375,1390.6923828125
2022-08-04,2968.829833984375,1420.7066650390625
2022-08-05,2977.76708984375,1435.58056640625
2022-08-08,2986.085693359375,1438.0224609375
2022-08-10,2968.21044921875,1422.970947265625
2022-08-11,3028.605712890625,1438.510986328125
2022-08-12,3010.066162109375,1415.5562744140625
2022-08-16,3002.2353515625,1417.64306640625
2022-08-17,3009.66845703125,1426.345458984375
2022-08-18,2992.102783203125,1405.655029296875
2022-08-19,2996.085205078125,1418.2200927734375
2022-08-22,2968.476318359375,1399.172607421875
2022-08-23,2906.575927734375,1369.6468505859375
2022-08-24,2880.693115234375,1365.2955322265625
2022-08-25,2847.818115234375,1348.1129150390625
2022-08-26,2851.357666015625,1351.1322021484375
2022-08-29,2772.025634765625,1298.02978515625
2022-08-30,2841.580078125,1325.7353515625
2022-09-01,2771.273681640625,1300.2052001953125
2022-09-02,2770.123046875,1290.259765625
2022-09-05,2772.777587890625,1297.6302490234375
2022-09-06,2767.15869140625,1292.1246337890625
2022-09-07,2787.114013671875,1294.3890380859375
2022-09-08,2804.855712890625,1310.594970703125
2022-09-09,2847.331787109375,1342.3408203125
2022-09-12,2869.719970703125,1364.14111328125
2022-09-13,2857.685302734375,1371.9111328125
2022-09-14,2761.274169921875,1310.1510009765625
2022-09-15,2747.072021484375,1272.3223876953125
2022-09-16,2662.429443359375,1222.8165283203125
2022-09-19,2680.216552734375,1234.5823974609375
2022-09-20,2690.39306640625,1233.0284423828125
2022-09-21,2655.79296875,1222.9940185546875
2022-09-22,2661.279296875,1214.735595703125
2022-09-23,2638.846923828125,1212.515625
2022-09-26,2649.775634765625,1225.6580810546875
2022-09-27,2670.172607421875,1237.468505859375
2022-09-28,2686.27783203125,1238.489501953125
2022-09-29,2652.34130859375,1241.9971923828125
2022-09-30,2658.757080078125,1255.1395263671875
2022-10-03,2641.412841796875,1237.64599609375
2022-10-04,2735.390625,1269.3031005859375
2022-10-06,2744.94775390625,1292.1690673828125
2022-10-07,2712.16162109375,1288.6614990234375
2022-10-10,2759.63720703125,1298.8291015625
2022-10-11,2716.27587890625,1264.3304443359375
2022-10-12,2743.885498046875,1268.6815185546875
2022-10-13,2746.142333984375,1260.866943359375
2022-10-14,2742.4697265625,1309.1297607421875
2022-10-17,2760.746337890625,1323.0712890625
2022-10-18,2789.97900390625,1335.2811279296875
2022-10-19,2769.70654296875,1319.0753173828125
2022-10-20,2801.15771484375,1332.7947998046875
2022-10-21,2783.502685546875,1332.439697265625
2022-10-24,2805.061767578125,1347.8463134765625
2022-10-25,2805.416748046875,1355.35009765625
2022-10-27,2801.246337890625,1368.052490234375
2022-10-28,2806.436767578125,1358.4471435546875
2022-10-31,2832.963623046875,1380.3509521484375
2022-11-01,2892.007568359375,1412.0848388671875
2022-11-02,2876.037841796875,1394.400146484375
2022-11-03,2845.030029296875,1374.1568603515625
2022-11-04,2854.47900390625,1359.120361328125
2022-11-07,2868.9404296875,1353.2403564453125
2022-11-09,2853.28125,1356.606689453125
2022-11-10,2844.05419921875,1348.302978515625
2022-11-11,2941.912353515625,1409.4813232421875
2022-11-14,2959.257080078125,1423.12646484375
2022-11-15,2956.684326171875,1430.9365234375
2022-11-16,2976.86767578125,1438.836181640625
2022-11-17,2971.234375,1425.01171875
2022-11-18,2966.310302734375,1430.39794921875
2022-11-21,2913.12255859375,1407.7755126953125
2022-11-22,2941.025390625,1422.9022216796875
2022-11-23,2935.12548828125,1421.1962890625
2022-11-24,2998.87060546875,1463.0743408203125
2022-11-25,3007.298828125,1468.32568359375
2022-11-28,3012.26708984375,1457.328857421875
2022-11-29,3014.13037109375,1462.40087890625
2022-11-30,3008.3193359375,1467.6973876953125
2022-12-01,3083.59814453125,1487.5814208984375
2022-12-02,3051.215087890625,1470.3455810546875
2022-12-05,3039.460205078125,1472.00634765625
2022-12-06,3003.48388671875,1447.9029541015625
2022-12-07,2999.27001953125,1441.2598876953125
2022-12-08,2972.609375,1454.4114990234375
2022-12-09,2921.329345703125,1408.76318359375
2022-12-12,2915.73974609375,1388.923828125
2022-12-13,2956.240478515625,1411.3216552734375
2022-12-14,2985.740234375,1417.8299560546875
2022-12-15,2932.28662109375,1382.9093017578125
2022-12-16,2874.75146484375,1366.4814453125
2022-12-19,2840.8603515625,1353.150634765625
2022-12-20,2878.03369140625,1353.1058349609375
2022-12-21,2899.858642578125,1355.1256103515625
2022-12-22,2892.007568359375,1366.346923828125
2022-12-23,2864.19384765625,1343.94921875
2022-12-26,2885.973876953125,1348.70703125
2022-12-27,2891.829833984375,1359.8834228515625
2022-12-28,2889.700439453125,1355.6641845703125
2022-12-29,2900.03662109375,1362.3072509765625
2022-12-30,2889.345703125,1353.9134521484375
2023-01-02,2893.56005859375,1368.097412109375
2023-01-03,2937.83154296875,1366.7957763671875
2023-01-04,2940.759033203125,1341.884521484375
2023-01-05,2937.609375,1324.2894287109375
2023-01-06,2849.288818359375,1300.3209228515625
2023-01-09,2945.4609375,1332.5931396484375
2023-01-10,2915.695556640625,1319.3970947265625
2023-01-11,2953.22412109375,1320.7435302734375
2023-01-12,2958.237060546875,1329.136962890625
2023-01-13,2993.902587890625,1349.8291015625
2023-01-16,3025.20703125,1369.444091796875
2023-01-17,3065.4482421875,1382.01171875
2023-01-18,3075.9736328125,1387.3082275390625
2023-01-19,3060.6396484375,1381.47314453125
2023-01-20,3051.565673828125,1369.4888916015625
2023-01-23,3098.56689453125,1389.6422119140625
2023-01-24,3117.98486328125,1393.1431884765625
2023-01-25,3112.041748046875,1385.1536865234375
2023-01-27,3095.07373046875,1363.7435302734375
2023-01-30,3115.580322265625,1381.3834228515625
2023-01-31,3047.572998046875,1376.8499755859375
2023-02-01,3092.6240234375,1392.4249267578125
2023-02-02,3139.851806640625,1421.73486328125
2023-02-03,3159.7236328125,1435.7841796875
2023-02-06,3139.443603515625,1409.2569580078125
2023-02-07,3150.877197265625,1402.569091796875
2023-02-08,3194.02197265625,1427.7945556640625
2023-02-09,3212.850341796875,1451.5836181640625
2023-02-10,3209.855712890625,1443.9981689453125
2023-02-13,3159.813720703125,1407.1025390625
2023-02-14,3175.874755859375,1430.26318359375
2023-02-15,3194.521240234375,1433.674560546875
2023-02-16,3228.456787109375,1437.9384765625
2023-02-17,3176.827392578125,1421.7799072265625
2023-02-20,3164.260498046875,1429.5450439453125
2023-02-21,3131.3232421875,1417.919677734375
2023-02-22,3086.453857421875,1402.030517578125
2023-02-23,3097.56884765625,1392.0657958984375
2023-02-24,3085.455810546875,1392.0211181640625
2023-02-27,3023.210693359375,1354.901123046875
2023-02-28,3005.970703125,1335.376220703125
2023-03-01,3072.07275390625,1343.006591796875
2023-03-02,3013.773681640625,1321.551513671875
2023-03-03,3032.555908203125,1327.969970703125
2023-03-06,3059.50537109375,1353.2403564453125
2023-03-08,3076.336181640625,1339.9991455078125
2023-03-09,3027.74755859375,1328.95751953125
2023-03-10,3022.43896484375,1321.012939453125
2023-03-13,2977.93310546875,1288.29150390625
2023-03-14,2917.139404296875,1274.7364501953125
2023-03-15,2902.575927734375,1274.422119140625
2023-03-16,2889.963623046875,1260.462890625
2023-03-17,2884.791748046875,1275.3646240234375
2023-03-20,2852.126220703125,1260.05908203125
2023-03-21,2818.3720703125,1248.4337158203125
2023-03-22,2840.78466796875,1247.1322021484375
2023-03-23,2835.203857421875,1233.9359130859375
2023-03-24,2831.438720703125,1239.411865234375
2023-03-27,2833.07177734375,1246.86279296875
2023-03-28,2827.264404296875,1236.6737060546875
2023-03-29,2848.1337890625,1242.01513671875
2023-03-31,2908.927490234375,1281.873046875
2023-04-03,2903.57373046875,1266.522216796875
2023-04-05,2939.687255859375,1277.9232177734375
2023-04-06,2922.356689453125,1276.4420166015625
2023-04-10,2961.100830078125,1281.558837890625
2023-04-11,2916.096435546875,1262.30322265625
2023-04-12,2941.365478515625,1282.1875
2023-04-13,2893.456787109375,1247.087158203125
2023-04-17,2848.678466796875,1129.578125
2023-04-18,2840.73876953125,1130.5206298828125
2023-04-19,2803.40087890625,1106.14794921875
2023-04-20,2817.1923828125,1098.248291015625
2023-04-21,2868.051025390625,1101.7940673828125
2023-04-24,2880.70849609375,1100.851806640625
2023-04-25,2881.797119140625,1099.5947265625
2023-04-26,2901.895751953125,1101.9737548828125
2023-04-27,2892.64013671875,1118.760498046875
2023-04-28,2921.040771484375,1124.595703125
2023-05-02,2921.177001953125,1146.7689208984375
2023-05-03,2885.335693359375,1139.318115234375
2023-05-04,2922.356689453125,1143.2679443359375
2023-05-05,2931.430419921875,1130.296142578125
2023-05-08,2949.48681640625,1136.131103515625
2023-05-09,2979.112548828125,1140.7093505859375
2023-05-10,2982.333740234375,1134.021728515625
2023-05-11,2978.114013671875,1127.60302734375
2023-05-12,2970.99169921875,1117.818115234375
2023-05-15,2953.5244140625,1129.6229248046875
2023-05-16,2956.337158203125,1134.96435546875
2023-05-17,2911.468017578125,1119.3441162109375
2023-05-18,2903.43798828125,1118.5362548828125
2023-05-19,2924.307861328125,1139.09375
2023-05-22,2993.131103515625,1160.5489501953125
2023-05-23,2991.63427734375,1167.05712890625
2023-05-24,2997.350341796875,1165.8004150390625
2023-05-25,2988.4130859375,1170.9171142578125
2023-05-26,3020.53369140625,1182.677001953125
2023-05-29,3012.775146484375,1179.939208984375
2023-05-30,3009.01025390625,1188.4224853515625
2023-05-31,2984.78369140625,1183.4400634765625
2023-06-01,3016.08740234375,1184.5174560546875
2023-06-02,2999.39208984375,1181.7880859375
2023-06-05,2984.23876953125,1186.7916259765625
2023-06-06,2932.88134765625,1163.5927734375
2023-06-07,2971.53564453125,1172.644775390625
2023-06-08,2936.647705078125,1167.0499267578125
2023-06-09,2912.01220703125,1151.72021484375
2023-06-12,2946.129150390625,1175.374267578125
2023-06-13,2943.226318359375,1187.1102294921875
2023-06-14,2949.89501953125,1183.061767578125
2023-06-15,2940.06787109375,1170.68896484375
2023-06-16,2902.22412109375,1175.101318359375
2023-06-19,2934.67529296875,1177.2392578125
2023-06-20,2950.489501953125,1185.791015625
2023-06-21,2978.36962890625,1182.106689453125
2023-06-22,2960.361572265625,1165.9127197265625
2023-06-23,2940.114013671875,1150.85595703125
2023-06-26,2915.70703125,1155.723388671875
2023-06-27,2922.745849609375,1163.7293701171875
2023-06-28,2939.291015625,1176.64794921875
2023-06-30,3018.636474609375,1214.99462890625
2023-07-03,2991.259033203125,1213.35693359375
2023-07-04,3024.669677734375,1223.773681640625
2023-07-05,3034.815673828125,1225.72998046875
2023-07-06,3037.51318359375,1222.63671875
2023-07-07,3043.3173828125,1210.1727294921875
2023-07-10,2990.9384765625,1209.2176513671875
2023-07-11,2991.350341796875,1226.91259765625
2023-07-12,2979.92333984375,1212.9931640625
2023-07-13,3053.647216796875,1241.923583984375
2023-07-14,3212.794677734375,1297.2830810546875
2023-07-17,3191.81591796875,1294.5537109375
2023-07-18,3196.523681640625,1342.0889892578125
2023-07-19,3172.025146484375,1341.8616943359375
2023-07-20,3174.087646484375,1318.7081298828125
2023-07-21,3087.0205078125,1211.4464111328125
2023-07-24,3111.261474609375,1215.9954833984375
2023-07-25,3115.2939453125,1214.17578125
2023-07-26,3105.35009765625,1227.139892578125
2023-07-27,3113.231689453125,1231.052001953125
2023-07-28,3075.1982421875,1219.54345703125
2023-07-31,3135.731689453125,1233.371826171875
2023-08-01,3163.77685546875,1242.0146484375
2023-08-02,3153.32861328125,1234.4180908203125
2023-08-03,3116.027587890625,1241.1959228515625
2023-08-04,3155.986328125,1253.978271484375
2023-08-07,3193.1044921875,1267.3062744140625
2023-08-08,3180.77783203125,1264.7587890625
2023-08-09,3173.353515625,1268.579833984375
2023-08-10,3154.65771484375,1263.7581787109375
2023-08-11,3160.798095703125,1248.0645751953125
2023-08-14,3161.7607421875,1267.806640625
2023-08-16,3169.59619140625,1290.5052490234375
2023-08-17,3148.837890625,1284.1826171875
2023-08-18,3085.9208984375,1263.4853515625
2023-08-21,3117.585693359375,1278.58740234375
2023-08-22,3099.713623046875,1277.0863037109375
2023-08-23,3114.469482421875,1280.9071044921875
2023-08-24,3104.845947265625,1295.14501953125
2023-08-25,3098.93505859375,1291.9610595703125
2023-08-28,3093.66455078125,1287.91259765625
2023-08-29,3094.21484375,1289.7320556640625
2023-08-30,3107.77880859375,1305.653076171875
2023-08-31,3076.481201171875,1305.9259033203125
2023-09-01,3097.010009765625,1313.5679931640625
2023-09-04,3133.028076171875,1332.900390625
2023-09-05,3142.972412109375,1345.455322265625
2023-09-06,3143.47607421875,1344.1361083984375
2023-09-07,3166.709228515625,1333.901123046875
2023-09-08,3154.474365234375,1336.994384765625
2023-09-11,3189.988037109375,1343.2261962890625
2023-09-12,3281.775146484375,1365.6522216796875
2023-09-13,3269.906494140625,1363.150146484375
2023-09-14,3262.7578125,1370.97412109375
2023-09-15,3297.813720703125,1375.204833984375
2023-09-18,3305.00830078125,1357.19140625
2023-09-20,3304.916748046875,1355.7811279296875
2023-09-21,3285.8994140625,1366.243408203125
2023-09-22,3302.716796875,1361.14892578125
2023-09-25,3278.429931640625,1341.1337890625
2023-09-26,3286.265380859375,1328.85205078125
2023-09-27,3289.565185546875,1334.6290283203125
2023-09-28,3241.403564453125,1309.5650634765625
2023-09-29,3233.933837890625,1305.9259033203125
2023-10-03,3220.415771484375,1304.6068115234375
2023-10-04,3242.3203125,1314.022705078125
2023-10-05,3289.611083984375,1331.3992919921875
2023-10-06,3318.984130859375,1345.273193359375
2023-10-09,3334.51904296875,1342.3165283203125
2023-10-10,3325.8583984375,1360.239013671875
2023-10-11,3308.44482421875,1359.5567626953125
2023-10-12,3246.718994140625,1333.264404296875
2023-10-13,3272.65625,1302.0137939453125
2023-10-16,3229.764404296875,1304.7431640625
2023-10-17,3214.18408203125,1312.2943115234375
2023-10-18,3196.037109375,1310.56591796875
2023-10-19,3175.27099609375,1304.288330078125
2023-10-20,3211.0146484375,1298.4656982421875
2023-10-23,3133.46240234375,1281.544189453125
2023-10-25,3115.039306640625,1262.560302734375
2023-10-26,3066.017822265625,1252.7919921875
2023-10-27,3079.06591796875,1272.0521240234375
2023-10-30,3104.42626953125,1269.0111083984375
2023-10-31,3095.421630859375,1261.039794921875
2023-11-01,3060.412841796875,1247.90771484375
2023-11-02,3087.4736328125,1262.6524658203125
2023-11-03,3079.019775390625,1280.069580078125
2023-11-06,3105.98828125,1293.20166015625
2023-11-07,3096.9833984375,1294.1231689453125
2023-11-08,3107.18310546875,1281.86669921875
2023-11-09,3075.849609375,1266.9376220703125
2023-11-10,3062.9853515625,1261.4544677734375
2023-11-13,3061.239990234375,1265.78564453125
2023-11-15,3128.08740234375,1299.836669921875
2023-11-16,3214.046875,1331.5377197265625
2023-11-17,3218.2734375,1324.764404296875
2023-11-20,3234.032470703125,1323.8890380859375
2023-11-21,3225.39501953125,1326.1007080078125
2023-11-22,3243.72607421875,1343.42578125
2023-11-23,3223.60302734375,1335.5465087890625
2023-11-24,3176.603515625,1324.626220703125
2023-11-28,3188.59423828125,1329.5103759765625
2023-11-29,3228.656982421875,1345.08447265625
2023-11-30,3204.628662109375,1340.983642578125
2023-12-01,3226.727294921875,1338.357177734375
2023-12-04,3227.46240234375,1349.4617919921875
2023-12-05,3245.05859375,1339.877685546875
2023-12-06,3311.676513671875,1358.6312255859375
2023-12-07,3321.599609375,1350.8900146484375
2023-12-08,3332.442138671875,1374.1591796875
2023-12-11,3347.327880859375,1371.717041015625
2023-12-12,3374.1591796875,1360.2440185546875
2023-12-13,3301.982421875,1335.316162109375
2023-12-14,3369.702392578125,1383.6510009765625
2023-12-15,3547.732421875,1454.5638427734375
2023-12-18,3546.078125,1441.6160888671875
2023-12-19,3506.567138671875,1436.040771484375
2023-12-20,3473.35009765625,1415.8590087890625
2023-12-21,3480.195556640625,1415.490478515625
2023-12-22,3513.734130859375,1440.2799072265625
2023-12-26,3487.592529296875,1422.8167724609375
2023-12-27,3501.97265625,1444.150390625
2023-12-28,3491.58935546875,1440.049560546875
2023-12-29,3485.616943359375,1421.8489990234375
2024-01-01,3501.880859375,1429.6361083984375
2024-01-02,3476.244384765625,1414.0157470703125
2024-01-03,3392.21435546875,1373.0994873046875
2024-01-04,3369.288818359375,1394.0184326171875
2024-01-05,3434.6201171875,1412.31103515625
2024-01-08,3379.855712890625,1403.3260498046875
2024-01-09,3390.5146484375,1409.3160400390625
2024-01-10,3411.78662109375,1400.653564453125
2024-01-11,3432.46044921875,1376.9698486328125
2024-01-12,3567.763427734375,1486.2188720703125
2024-01-15,3587.059814453125,1522.4814453125
2024-01-16,3548.007568359375,1503.5439453125
2024-01-17,3569.417236328125,1511.5152587890625
2024-01-18,3585.95703125,1513.72705078125
2024-01-19,3648.3662109375,1529.0244140625
2024-01-23,3569.9033203125,1513.3121337890625
2024-01-24,3554.683349609375,1543.9534912109375
2024-01-25,3525.537353515625,1538.1478271484375
2024-01-29,3516.932373046875,1526.62841796875
2024-01-30,3516.516357421875,1521.8824462890625
2024-01-31,3530.764892578125,1530.5911865234375
2024-02-01,3566.109619140625,1527.043212890625
2024-02-02,3669.878662109375,1560.4952392578125
2024-02-05,3676.35546875,1554.82763671875
2024-02-06,3826.895751953125,1593.7628173828125
2024-02-07,3778.227294921875,1560.8638916015625
2024-02-08,3825.138427734375,1559.3431396484375
2024-02-09,3824.7685546875,1538.3780517578125
2024-02-12,3812.739990234375,1548.28466796875
2024-02-13,3839.38720703125,1552.3856201171875
2024-02-14,3793.678955078125,1535.4752197265625
2024-02-15,3796.54736328125,1544.8289794921875
2024-02-16,3819.77099609375,1568.14404296875
2024-02-19,3797.102294921875,1566.39306640625
2024-02-20,3729.419189453125,1553.0308837890625
2024-02-21,3693.195068359375,1525.660888671875
2024-02-22,3781.650390625,1549.4366455078125
2024-02-23,3749.26611328125,1545.2896728515625
2024-02-26,3702.031982421875,1529.89990234375
2024-02-27,3797.65771484375,1533.0794677734375
2024-02-28,3811.120361328125,1540.1290283203125
2024-02-29,3789.052734375,1542.571044921875
2024-03-01,3788.358642578125,1524.8775634765625
2024-03-04,3775.728271484375,1508.75048828125
2024-03-05,3712.255859375,1480.459228515625
2024-03-06,3760.554443359375,1490.642333984375
2024-03-07,3801.5439453125,1489.628662109375
2024-03-11,3814.266357421875,1475.02197265625
2024-03-12,3878.942138671875,1486.403076171875
2024-03-13,3838.924560546875,1484.9747314453125
2024-03-14,3893.14453125,1523.58740234375
2024-03-15,3903.924072265625,1505.8016357421875
2024-03-18,3842.162841796875,1476.9112548828125
2024-03-19,3680.05615234375,1438.943603515625
2024-03-20,3674.134521484375,1432.95361328125
2024-03-21,3676.031005859375,1432.7232666015625
2024-03-22,3618.61865234375,1390.470458984375
2024-03-26,3587.71484375,1375.54150390625
2024-03-27,3553.850341796875,1367.431884765625
2024-03-28,3586.604736328125,1380.5179443359375
2024-04-01,3624.03173828125,1378.12158203125
2024-04-02,3593.544189453125,1366.51025390625
2024-04-03,3652.298583984375,1364.483154296875
2024-04-04,3704.113525390625,1370.058349609375
2024-04-05,3681.86083984375,1363.054443359375
2024-04-08,3675.66162109375,1360.8427734375
2024-04-09,3651.6044921875,1377.56884765625
2024-04-10,3686.85693359375,1388.5814208984375
2024-04-12,3702.35498046875,1368.26123046875
2024-04-15,3646.65478515625,1352.9638671875
2024-04-16,3583.365966796875,1303.4766845703125
2024-04-18,3573.373779296875,1307.9002685546875
2024-04-19,3540.249267578125,1300.52783203125
2024-04-22,3575.779052734375,1320.341064453125
2024-04-23,3585.124267578125,1329.23388671875
2024-04-24,3544.736572265625,1318.497802734375
2024-04-25,3564.3056640625,1325.59375
2024-04-26,3535.761474609375,1318.0372314453125
2024-04-29,3580.960693359375,1322.1842041015625
2024-04-30,3535.113525390625,1309.0982666015625
2024-05-02,3574.576416015625,1303.4766845703125
2024-05-03,3556.163330078125,1305.1817626953125
2024-05-06,3628.01025390625,1314.0284423828125
2024-05-07,3681.583251953125,1327.8975830078125
2024-05-08,3679.732421875,1315.318603515625
2024-05-09,3664.234130859375,1326.6075439453125
2024-05-10,3602.889404296875,1313.1070556640625
2024-05-13,3652.761474609375,1311.7706298828125
2024-05-14,3609.643798828125,1312.9224853515625
2024-05-15,3590.3984375,1308.545166015625
2024-05-16,3635.646484375,1339.3248291015625
2024-05-17,3573.3427734375,1330.98486328125
2024-05-21,3560.388427734375,1321.6312255859375
2024-05-22,3571.3857421875,1340.6611328125
2024-05-23,3628.65625,1356.8802490234375
2024-05-24,3587.695556640625,1350.15283203125
2024-05-27,3585.41259765625,1355.91259765625
2024-05-28,3578.74853515625,1351.9500732421875
2024-05-29,3544.963623046875,1337.113037109375
2024-05-30,3482.008056640625,1315.4569091796875
2024-05-31,3421.288330078125,1322.459716796875
2024-06-03,3451.01904296875,1321.519775390625
2024-06-04,3462.34326171875,1310.005126953125
2024-06-05,3491.65380859375,1344.2672119140625
2024-06-06,3569.894287109375,1383.8875732421875
2024-06-07,3629.122314453125,1441.5552978515625
2024-06-10,3596.269775390625,1409.7369384765625
2024-06-11,3590.11865234375,1405.97705078125
2024-06-12,3571.05908203125,1396.060302734375
2024-06-13,3614.396728515625,1404.28515625
2024-06-14,3571.43212890625,1399.5382080078125
2024-06-18,3555.635009765625,1408.2799072265625
2024-06-19,3543.146240234375,1420.640625
2024-06-20,3529.679443359375,1424.4476318359375
2024-06-21,3551.58056640625,1440.7093505859375
2024-06-24,3557.21923828125,1435.4925537109375
2024-06-25,3577.396728515625,1449.4041748046875
2024-06-26,3593.614013671875,1448.2291259765625
2024-06-27,3666.588134765625,1478.9195556640625
2024-06-28,3638.62841796875,1472.7158203125
2024-07-01,3707.642333984375,1495.3223876953125
2024-07-02,3744.176513671875,1523.756591796875
2024-07-03,3695.573486328125,1529.7257080078125
2024-07-04,3747.485107421875,1551.5802001953125
2024-07-05,3738.957275390625,1548.5723876953125
2024-07-08,3721.622314453125,1561.920166015625
2024-07-09,3714.446044921875,1557.6900634765625
2024-07-10,3643.288330078125,1549.32421875
2024-07-11,3656.849365234375,1553.5069580078125
2024-07-12,3899.39990234375,1609.0130615234375
2024-07-15,3885.652587890625,1604.59521484375
2024-07-16,3894.273681640625,1622.454833984375
2024-07-18,4022.0498046875,1652.5341796875
2024-07-19,4019.106689453125,1685.339599609375
2024-07-22,4005.04736328125,1702.165283203125
2024-07-23,4019.060546875,1726.6517333984375
2024-07-24,4022.702392578125,1723.878662109375
2024-07-25,4037.8828125,1715.3248291015625
2024-07-26,4098.93017578125,1766.1309814453125
2024-07-29,4092.62451171875,1758.799072265625
2024-07-30,4077.9111328125,1764.4859619140625
2024-07-31,4096.59521484375,1756.1202392578125
2024-08-01,4107.57177734375,1741.4095458984375
2024-08-02,4001.03076171875,1711.8939208984375
2024-08-05,3881.45947265625,1646.7532958984375
2024-08-06,3896.545654296875,1646.0013427734375
2024-08-07,3923.86962890625,1684.1175537109375
2024-08-08,3897.806396484375,1638.528564453125
2024-08-09,3950.306396484375,1664.4720458984375
2024-08-12,3919.385498046875,1689.5223388671875
2024-08-13,3920.600341796875,1689.5694580078125
2024-08-14,4012.427734375,1713.821044921875
2024-08-16,4125.2734375,1747.3782958984375
2024-08-19,4194.3544921875,1752.8773193359375
2024-08-20,4225.4619140625,1759.8330078125
2024-08-21,4251.8046875,1760.302978515625
2024-08-22,4205.564453125,1767.3997802734375
2024-08-23,4169.97265625,1750.3392333984375
2024-08-26,4205.98388671875,1763.5460205078125
2024-08-27,4201.03369140625,1786.0584716796875
2024-08-28,4209.34765625,1822.7177734375
2024-08-29,4214.71875,1817.3128662109375
2024-08-30,4253.90625,1827.0416259765625
2024-09-02,4223.35986328125,1846.5933837890625
2024-09-03,4215.23291015625,1824.7388916015625
2024-09-04,4184.3115234375,1807.0670166015625
2024-09-05,4181.2294921875,1817.1248779296875
2024-09-06,4163.29345703125,1787.7034912109375
2024-09-09,4156.5673828125,1780.9356689453125
2024-09-10,4211.02880859375,1797.5263671875
2024-09-11,4184.40576171875,1795.50537109375
2024-09-12,4220.22998046875,1833.386474609375
2024-09-13,4224.8076171875,1827.4176025390625
2024-09-16,4216.07373046875,1833.198486328125
2024-09-17,4208.9736328125,1835.3604736328125
2024-09-18,4059.97607421875,1778.585693359375
2024-09-19,4013.267822265625,1780.512451171875
2024-09-20,4002.75927734375,1791.3695068359375
2024-09-23,3987.438720703125,1782.6275634765625
2024-09-24,3990.054443359375,1784.6485595703125
2024-09-25,3993.277099609375,1781.546630859375
2024-09-26,4009.859375,1786.199462890625
2024-09-27,4024.991943359375,1792.3094482421875
2024-09-30,3987.438720703125,1763.0289306640625
2024-10-01,4005.5615234375,1790.053466796875
2024-10-03,3954.04296875,1779.7606201171875
2024-10-04,3972.258544921875,1803.025146484375
2024-10-07,3991.502685546875,1818.2059326171875
2024-10-08,3973.193115234375,1831.6007080078125
2024-10-09,3972.912841796875,1835.5484619140625
2024-10-10,3949.044677734375,1803.82421875
2024-10-11,3875.994384765625,1818.957763671875
2024-10-14,3864.27099609375,1841.32958984375
2024-10-15,3845.7275390625,1841.70556640625
2024-10-16,3825.316162109375,1804.858154296875
2024-10-17,3838.441650390625,1849.9771728515625
2024-10-18,3860.962158203125,1766.788818359375
2024-10-21,3820.5087890625,1741.5504150390625
2024-10-22,3760.2490234375,1740.4693603515625
2024-10-23,3807.77294921875,1760.9609375
2024-10-24,3790.589599609375,1751.5142822265625
2024-10-25,3799.6259765625,1750.292236328125
2024-10-28,3830.809326171875,1753.394287109375
2024-10-29,3816.200927734375,1748.59326171875
2024-10-30,3825.003173828125,1713.2276611328125
2024-10-31,3716.18994140625,1670.589599609375
2024-11-01,3730.9384765625,1674.011962890625
2024-11-04,3712.162841796875,1676.674072265625
2024-11-05,3718.905517578125,1667.68994140625
2024-11-06,3876.5068359375,1733.762451171875
2024-11-07,3887.04150390625,1714.1309814453125
2024-11-08,3883.39013671875,1739.704345703125
2024-11-11,3931.803955078125,1768.367431640625
2024-11-12,3930.586181640625,1776.638427734375
2024-11-13,3886.52685546875,1776.2581787109375
2024-11-14,3882.35986328125,1772.5980224609375
2024-11-18,3763.99462890625,1722.1165771484375
2024-11-19,3782.770263671875,1734.7607421875
2024-11-21,3813.95361328125,1743.6021728515625
2024-11-22,3974.785888671875,1808.4388427734375
2024-11-25,4040.8046875,1796.507568359375
2024-11-26,4076.014404296875,1829.2587890625
2024-11-27,4057.145263671875,1829.591552734375
2024-11-28,3975.066650390625,1765.087646484375
2024-11-29,3999.3671875,1766.2283935546875
2024-12-02,4004.798583984375,1787.095947265625
2024-12-03,4029.2392578125,1798.789306640625
2024-12-04,4077.606201171875,1796.0799560546875
2024-12-05,4180.2861328125,1839.4310302734375
2024-12-06,4162.9150390625,1827.5950927734375
2024-12-09,4169.14208984375,1828.783447265625
2024-12-10,4150.78857421875,1852.45556640625
2024-12-11,4146.01318359375,1876.79296875
2024-12-12,4171.7646484375,1889.00927734375
2024-12-13,4189.51025390625,1901.0830078125
2024-12-16,4134.54248046875,1882.402099609375
2024-12-17,4053.352783203125,1879.1220703125
2024-12-18,4071.47314453125,1881.54638671875
2024-12-19,4000.35009765625,1850.2213134765625
2024-12-20,3905.20849609375,1827.3575439453125
2024-12-23,3893.9716796875,1829.4013671875
2024-12-24,3913.82373046875,1814.9034423828125
2024-12-26,3904.085205078125,1813.3348388671875
2024-12-27,3900.10546875,1822.2237548828125
2024-12-30,3894.43994140625,1812.00390625
2024-12-31,3834.508056640625,1787.2860107421875
2025-01-01,3851.036376953125,1789.6627197265625
2025-01-02,3910.3125,1861.296875
2025-01-03,3839.28369140625,1843.1387939453125
2025-01-06,3834.695556640625,1842.283203125
2025-01-07,3772.2353515625,1835.6282958984375
2025-01-08,3847.243408203125,1837.81494140625
2025-01-09,3782.114990234375,1822.7467041015625
2025-01-10,3994.497802734375,1869.9478759765625
2025-01-13,4018.330078125,1865.4322509765625
2025-01-14,3963.9697265625,1844.374755859375
2025-01-15,3979.468017578125,1853.501220703125
2025-01-16,3938.920654296875,1833.3466796875
2025-01-17,3933.198486328125,1725.9193115234375
2025-01-20,3888.85302734375,1723.87548828125
2025-01-21,3848.84716796875,1711.896728515625
2025-01-22,3964.001953125,1764.8974609375
2025-01-23,3953.36865234375,1773.45361328125
2025-01-24,3959.94873046875,1782.96044921875
2025-01-27,3876.7890625,1732.1463623046875
2025-01-28,3853.0908203125,1739.5142822265625
2025-01-29,3909.833740234375,1788.474365234375
2025-01-30,3910.07177734375,1768.224853515625
2025-01-31,3921.849609375,1787.095947265625
2025-02-01,3884.41845703125,1760.0489501953125
2025-02-03,3880.126953125,1771.40966796875
2025-02-04,3916.74755859375,1805.158935546875
2025-02-05,3901.537109375,1803.4952392578125
2025-02-06,3893.573486328125,1821.1781005859375
2025-02-07,3842.695556640625,1809.769775390625
2025-02-10,3849.895751953125,1787.5712890625
2025-02-11,3779.89697265625,1783.1507568359375
2025-02-12,3767.117431640625,1771.26708984375
2025-02-13,3728.97119140625,1752.3485107421875
2025-02-14,3752.526611328125,1764.849853515625
2025-02-17,3723.582763671875,1751.4453125
2025-02-18,3693.733154296875,1760.619384765625
2025-02-19,3608.761962890625,1721.498779296875
2025-02-20,3604.279541015625,1735.14111328125
2025-02-21,3610.57373046875,1725.49169921875
2025-02-24,3505.28955078125,1677.1016845703125
2025-02-25,3461.373046875,1680.524169921875
2025-02-27,3445.160888671875,1677.2918701171875
2025-02-28,3321.851806640625,1604.469482421875
2025-03-03,3331.19775390625,1624.3387451171875
2025-03-04,3368.390869140625,1605.0399169921875
2025-03-05,3382.69580078125,1627.0958251953125
2025-03-06,3434.718505859375,1631.231201171875
2025-03-07,3443.873046875,1602.853271484375
2025-03-10,3423.321533203125,1617.5413818359375
2025-03-11,3409.63671875,1579.6566162109375
2025-03-12,3343.73828125,1512.3958740234375
2025-03-13,3348.363525390625,1501.9381103515625
2025-03-17,3335.632080078125,1511.63525390625
2025-03-18,3335.632080078125,1511.63525390625
2025-03-19,3335.060302734375,1508.307861328125
2025-03-20,3398.049560546875,1535.877685546875
2025-03-21,3412.306884765625,1514.011962890625
2025-03-24,3460.80078125,1514.2021484375
2025-03-25,3488.266357421875,1548.1414794921875
2025-03-26,3467.33349609375,1520.571533203125
2025-03-27,3482.019775390625,1524.469482421875
2025-03-28,3439.05712890625,1493.1920166015625
2025-04-01,3386.27197265625,1451.21923828125
2025-04-02,3379.7392578125,1473.7030029296875
2025-04-03,3245.46337890625,1422.69873046875
2025-04-04,3146.5205078125,1380.0606689453125
2025-04-07,3122.345458984375,1327.8680419921875
2025-04-08,3140.36962890625,1358.3375244140625
2025-04-09,3096.167236328125,1334.47509765625
2025-04-11,3081.766845703125,1339.941650390625
2025-04-15,3097.693115234375,1355.675537109375
2025-04-16,3122.10693359375,1343.41162109375
2025-04-17,3146.043701171875,1349.49609375
2025-04-21,3167.692138671875,1379.442626953125
2025-04-22,3160.82568359375,1352.63330078125
2025-04-23,3254.857177734375,1402.1639404296875
2025-04-24,3243.985107421875,1398.8365478515625
2025-04-25,3288.2353515625,1407.2025146484375
2025-04-28,3283.943603515625,1409.0087890625
2025-04-29,3311.60009765625,1423.6494140625
2025-04-30,3293.6708984375,1426.1212158203125
2025-05-02,3272.02294921875,1432.5858154296875
2025-05-05,3294.2431640625,1434.2020263671875
2025-05-06,3299.679443359375,1436.958984375
2025-05-07,3285.469482421875,1433.916748046875
2025-05-08,3289.09326171875,1436.8638916015625
2025-05-09,3280.892333984375,1433.2513427734375
2025-05-12,3452.646728515625,1546.66796875
2025-05-13,3352.130859375,1491.2430419921875
2025-05-14,3384.269287109375,1513.869384765625
2025-05-15,3414.0234375,1533.4534912109375
2025-05-16,3396.285400390625,1511.49267578125
2025-05-19,3355.7548828125,1482.8770751953125
2025-05-20,3336.204833984375,1483.637451171875
2025-05-21,3362.43017578125,1491.14794921875
2025-05-22,3315.891357421875,1471.18359375
2025-05-23,3351.749267578125,1487.63037109375
2025-05-26,3373.397705078125,1502.55615234375
2025-05-27,3336.586181640625,1492.6690673828125
2025-05-28,3335.632080078125,1494.2852783203125
2025-05-29,3336.01416015625,1507.4046630859375
2025-05-30,3302.921630859375,1506.5369873046875
2025-06-02,3289.951904296875,1497.9569091796875
2025-06-03,3247.418212890625,1487.5450439453125
2025-06-04,3252.90234375,1495.4503173828125
2025-06-05,3243.4736328125,1498.43896484375
2025-06-06,3256.07763671875,1507.5975341796875
2025-06-09,3292.350341796875,1516.3704833984375
2025-06-10,3331.7978515625,1538.6402587890625
2025-06-11,3340.457275390625,1572.478759765625
2025-06-12,3304.1845703125,1550.787353515625
2025-06-13,3315.2490234375,1544.424560546875
2025-06-16,3363.933837890625,1565.441162109375
2025-06-17,3382.214111328125,1580.9625244140625
2025-06-18,3320.733154296875,1574.214111328125
2025-06-19,3294.370849609375,1560.2352294921875
2025-06-20,3305.627685546875,1564.573486328125
2025-06-23,3265.12158203125,1527.071533203125
2025-06-24,3262.042724609375,1524.7576904296875
2025-06-25,3314.38330078125,1556.8609619140625
2025-06-26,3311.496826171875,1557.92138671875
2025-06-27,3310.82373046875,1550.208984375
2025-06-30,3330.93212890625,1544.2318115234375
2025-07-01,3299.854736328125,1549.05224609375
2025-07-02,3293.697265625,1552.619140625
2025-07-03,3272.04931640625,1560.5244140625
2025-07-04,3290.329833984375,1581.733642578125
2025-07-07,3282.536376953125,1568.5262451171875
2025-07-08,3277.24462890625,1579.8055419921875
2025-07-09,3255.692626953125,1574.9853515625
2025-07-10,3253.960693359375,1557.728759765625
2025-07-11,3142.3525390625,1537.5797119140625
2025-07-14,3100.69189453125,1513.8638916015625
2025-07-15,3129.171142578125,1528.614013671875
2025-07-16,3121.2548828125,1550.1126708984375
2025-07-17,3098.181640625,1526.589599609375
2025-07-18,3079.549072265625,1529.095947265625
2025-07-21,3048.94580078125,1527.36083984375
2025-07-22,3050.29736328125,1514.4423828125
2025-07-23,3069.123046875,1517.9129638671875
2025-07-24,3039.0986328125,1496.70361328125
2025-07-25,3027.32080078125,1461.2261962890625
2025-07-28,2972.775634765625,1461.515380859375
2025-07-29,2950.28125,1459.2979736328125
2025-07-30,2947.964599609375,1464.40771484375
2025-07-31,2931.74560546875,1454.76708984375
2025-08-01,2899.114990234375,1416.782958984375
2025-08-04,2968.044677734375,1427.291259765625
2025-08-05,2957.907958984375,1407.8172607421875
2025-08-06,2927.4013671875,1385.0654296875
2025-08-07,2941.5927734375,1385.2581787109375
2025-08-08,2931.359130859375,1371.9542236328125
2025-08-11,2935.607177734375,1376.870849609375
2025-08-12,2930.393798828125,1372.9183349609375
2025-08-13,2931.166259765625,1375.3284912109375
2025-08-14,2917.7470703125,1395.6700439453125
2025-08-18,2907.031005859375,1384.19775390625
2025-08-19,2911.85791015625,1388.2469482421875
2025-08-20,2991.40771484375,1442.427001953125
2025-08-21,2995.26953125,1442.619873046875
2025-08-22,2948.3505859375,1434.0396728515625
2025-08-25,3031.955078125,1477.0367431640625
2025-08-26,3047.98046875,1474.6265869140625
2025-08-28,2986.67724609375,1446.1868896484375
2025-08-29,2977.988525390625,1416.782958984375
2025-09-01,3004.92333984375,1445.5120849609375
2025-09-02,3003.861572265625,1444.837158203125
2025-09-03,2990.345703125,1425.9415283203125
2025-09-04,2988.60791015625,1410.4202880859375
2025-09-05,2942.847900390625,1392.681396484375
2025-09-08,2914.561279296875,1381.402099609375
2025-09-09,2943.90966796875,1450.2359619140625
2025-09-10,3002.413330078125,1477.518798828125
2025-09-11,3016.1220703125,1455.4417724609375
2025-09-12,3025.003662109375,1470.7703857421875
2025-09-15,3004.24755859375,1454.1885986328125
2025-09-16,3036.878173828125,1456.9844970703125
2025-09-17,3063.041015625,1467.685546875
2025-09-18,3066.805908203125,1485.2313232421875
2025-09-19,3059.565185546875,1484.845703125
2025-09-22,2967.4658203125,1445.6083984375
2025-09-23,2956.4599609375,1443.6802978515625
2025-09-24,2930.393798828125,1440.884521484375
2025-09-25,2855.09228515625,1431.436767578125
2025-09-26,2798.80908203125,1396.8270263671875
2025-09-29,2795.9130859375,1389.982177734375
2025-09-30,2788.47900390625,1389.982177734375
2025-10-01,2813.386962890625,1393.83837890625
2025-10-03,2801.51220703125,1394.609619140625
2025-10-06,2885.01953125,1422.9530029296875
2025-10-07,2870.828369140625,1406.0819091796875
2025-10-08,2922.4775390625,1441.2701416015625
2025-10-09,2955.7841796875,1455.0562744140625
2025-10-10,2923.53955078125,1460.4549560546875
2025-10-13,2903.16943359375,1439.5347900390625
2025-10-14,2857.89208984375,1436.353515625
2025-10-15,2877.756591796875,1421.41064453125
2025-10-16,2878.628662109375,1418.61474609375
2025-10-17,2870.391845703125,1389.307373046875
2025-10-20,2921.749267578125,1408.395751953125
2025-10-21,2913.512939453125,1419.482421875
2025-10-23,2977.951904296875,1473.566162109375
2025-10-24,2968.26171875,1470.57763671875
2025-10-27,2989.2890625,1472.633056640625
2025-10-28,2963.1259765625,1468.4241943359375
2025-10-29,2962.83544921875,1478.408203125
2025-10-30,2941.226318359375,1462.1597900390625
2025-10-31,2963.222900390625,1450.9034423828125
2025-11-03,2923.2998046875,1454.0355224609375
2025-11-04,2897.5244140625,1436.808349609375
2025-11-06,2917.582763671875,1435.6336669921875
2025-11-07,2899.074951171875,1445.5198974609375
2025-11-10,2931.439453125,1481.4425048828125
2025-11-11,2952.56396484375,1497.88671875
2025-11-12,3034.735595703125,1518.8333740234375
2025-11-13,3009.444580078125,1509.14306640625
2025-11-14,3009.7353515625,1470.9691162109375
2025-11-17,3006.052978515625,1475.66748046875
2025-11-18,2991.421142578125,1454.91650390625
2025-11-19,3050.142822265625,1508.4578857421875
2025-11-20,3047.3330078125,1503.955322265625
2025-11-21,3052.952880859375,1512.2752685546875
2025-11-24,3043.84423828125,1515.2117919921875
2025-11-25,3022.526123046875,1498.1802978515625
2025-11-26,3064.87158203125,1524.902099609375
2025-11-27,3039.386962890625,1533.2220458984375
2025-11-28,3040.2587890625,1527.055419921875
2025-12-01,3036.285888671875,1530.872802734375
2025-12-02,3038.5146484375,1527.9364013671875
2025-12-03,3081.441650390625,1545.261474609375
2025-12-04,3129.11669921875,1563.7611083984375
2025-12-05,3137.837890625,1581.9671630859375
2025-12-08,3136.190673828125,1576.681640625
2025-12-09,3108.86474609375,1565.1314697265625
2025-12-10,3090.356689453125,1551.2322998046875
2025-12-11,3092.972900390625,1564.1527099609375
2025-12-12,3120.6865234375,1564.348388671875
2025-12-15,3130.0859375,1572.766357421875
2025-12-16,3105.763916015625,1559.1607666015625
2025-12-17,3118.0703125,1568.0679931640625
2025-12-18,3179.117919921875,1592.3427734375
2025-12-19,3180.280517578125,1603.9906005859375
2025-12-22,3221.850830078125,1653.8125
2025-12-23,3207.41259765625,1632.9637451171875
2025-12-24,3216.1337890625,1628.16748046875
2025-12-26,3178.342529296875,1621.0220947265625
2025-12-29,3150.7255859375,1609.863525390625
2025-12-30,3146.17138671875,1587.2528076171875
2025-12-31,3106.82958984375,1581.1842041015625
2026-01-01,3127.37255859375,1595.2791748046875
2026-01-02,3149.950439453125,1605.6546630859375
2026-01-05,3116.4228515625,1572.374755859375
2026-01-06,3154.892578125,1578.0518798828125
2026-01-07,3193.458984375,1604.2843017578125
2026-01-08,3104.600830078125,1579.128662109375
2026-01-09,3108.380126953125,1579.91162109375
2026-01-12,3139.19482421875,1562.09716796875
2026-01-13,3166.71435546875,1565.1314697265625
2026-01-14,3093.554443359375,1565.91455078125
2026-01-15,3093.554443359375,1565.91455078125
2026-01-16,3163.8017578125,1654.00830078125
2026-01-19,3121.278564453125,1645.59033203125
2026-01-20,3060.798583984375,1623.7628173828125
2026-01-21,3080.826904296875,1619.358154296875
2026-01-22,3108.2548828125,1628.265380859375
2026-01-23,3120.193115234375,1635.4107666015625
2026-01-27,3115.75341796875,1647.05859375
2026-01-28,3157.290283203125,1631.2017822265625
2026-01-29,3102.335205078125,1624.35009765625
2026-01-30,3082.109375,1606.241943359375
2026-02-02,3127.1982421875,1594.8875732421875
2026-02-03,3182.153076171875,1620.9241943359375
2026-02-04,2958.979248046875,1503.2701416015625
2026-02-05,2951.480712890625,1488.00048828125
2026-02-06,2902.248291015625,1475.177978515625
2026-02-09,2908.760009765625,1465.4876708984375
2026-02-10,2944.673095703125,1466.0750732421875
2026-02-11,2870.873779296875,1440.7236328125
2026-02-12,2713.31005859375,1356.64306640625
2026-02-13,2656.1845703125,1340.1009521484375
2026-02-16,2670.39208984375,1336.6751708984375
2026-02-17,2681.04736328125,1361.73291015625
2026-02-18,2658.848388671875,1344.603515625
2026-02-19,2642.075927734375,1341.471435546875
2026-02-20,2650.264892578125,1324.5377197265625
2026-02-23,2640.497314453125,1299.3822021484375
2026-02-24,2539.269775390625,1248.4835205078125
2026-02-25,2594.126220703125,1262.7742919921875
2026-02-26,2612.27978515625,1261.7955322265625
2026-02-27,2602.11767578125,1272.5625
2026-03-02,2578.537353515625,1261.5997314453125
2026-03-04,2553.181396484375,1279.7078857421875
2026-03-05,2544.3017578125,1278.141845703125
2026-03-06,2523.385498046875,1280.686767578125
2026-03-09,2493.589111328125,1287.14697265625
2026-03-10,2479.480712890625,1268.1578369140625
2026-03-11,2431.92529296875,1249.2667236328125
2026-03-12,2409.726318359375,1238.9891357421875
2026-03-13,2378.253173828125,1221.8597412109375
2026-03-16,2376.970458984375,1223.3280029296875
2026-03-17,2359.70458984375,1206.785888671875
2026-03-18,2408.14794921875,1240.261474609375
2026-03-19,2324.482177734375,1194.9422607421875
2026-03-20,2358.619384765625,1229.2987060546875
2026-03-23,2351.910400390625,1230.1796875
2026-03-24,2366.709716796875,1251.224365234375
2026-03-25,2345.595947265625,1252.00732421875
2026-03-27,2357.830078125,1242.806396484375
2026-03-30,2327.34326171875,1224.1109619140625
2026-04-01,2375.98388671875,1248.6793212890625
2026-04-02,2417.915283203125,1273.247802734375
2026-04-06,2440.804931640625,1278.5333251953125
2026-04-07,2505.823486328125,1311.0301513671875
2026-04-08,2524.9638671875,1317.68603515625
2026-04-09,2554.365234375,1303.395263671875
2026-04-10,2490.53076171875,1265.12353515625
2026-04-13,2439.5224609375,1249.756103515625
2026-04-15,2520.72119140625,1277.6524658203125
2026-04-16,2542.427001953125,1291.2579345703125
2026-04-17,2546.965576171875,1290.7685546875
2026-04-20,2545.091064453125,1284.7977294921875
2026-04-21,2575.57763671875,1285.385009765625
2026-04-22,2504.540771484375,1241.729736328125
2026-04-23,2488.064208984375,1214.32275390625
2026-04-24,2364.8349609375,1130.144287109375
2026-04-27,2414.85693359375,1145.5118408203125
2026-04-28,2411.99560546875,1127.697265625
2026-04-29,2441.59423828125,1142.7711181640625
2026-04-30,2440.804931640625,1156.768310546875
2026-05-01,2440.804931640625,1156.768310546875
2026-05-04,2398.77490234375,1143.652099609375
2026-05-05,2394.828369140625,1153.1466064453125
2026-05-06,2402.81982421875,1142.4774169921875
2026-05-07,2369.274658203125,1138.07275390625
2026-05-08,2362.368408203125,1154.2232666015625
2026-05-11,2360.888427734375,1152.0699462890625
2026-05-12,2269.52734375,1116.1473388671875
2026-05-13,2242.395263671875,1099.3115234375
2026-05-14,2215.953857421875,1071.8067626953125
2026-05-15,2233.712890625,1095.2984619140625
2026-05-18,2252.656005859375,1118.3006591796875
2026-05-19,2295.968994140625,1171.5484619140625
2026-05-20,2296.2646484375,1168.4161376953125
2026-05-21,2296.0673828125,1156.180908203125
2026-05-22,2286.300048828125,1149.622802734375
2026-05-25,2308.199951171875,1143.75
2026-05-26,2276.199951171875,1142.966796875
2026-05-27,2284.199951171875,1135.3321533203125
2026-05-28,2284.199951171875,1135.3321533203125
2026-05-29,2258.89990234375,1136.3109130859375
2026-06-01,2297.39990234375,1177.02978515625
2026-06-02,2446.89990234375,1243.8831787109375
2026-06-03,2241.699951171875,1196.7039794921875
2026-06-04,2241,1175.855224609375
2026-06-05,2198.89990234375,1172.1357421875
2026-06-08,2151.39990234375,1162.4453125
2026-06-09,2151,1155.300048828125
2026-06-10,2153.89990234375,1145.300048828125
2026-06-11,2135.60009765625,1114.5999755859375
2026-06-12,2161.39990234375,1116.4000244140625
2026-06-15,2162,1134.9000244140625
2026-06-16,2199,1143.5999755859375
2026-06-17,2223,1157.699951171875
2026-06-18,2203.300048828125,1127.5
2026-06-19,2125,1051.4000244140625
2026-06-22,2127.800048828125,1065.4000244140625
2026-06-23,2059.60009765625,1029.300048828125
2026-06-24,2109,1056.5999755859375
2026-06-25,2094.699951171875,1041.199951171875
2026-06-26,2094.699951171875,1041.199951171875
2026-06-29,2097.89990234375,1036.699951171875
2026-06-30,2031.5,1000.4000244140625
