date,window_length,beta,absolute_beta_change,engle_granger_p_value,adf_p_value,half_life,engle_granger_pass,adf_pass
2018-03-28,60,0.8718903037000801,,0.6462062178211607,0.07354004384764613,6.373469733747338,False,False
2018-04-30,60,0.9281406594467766,0.05625035574669646,0.9796464450386551,0.6103665151852817,97.55563190792392,False,False
2018-05-31,60,2.306490496398736,1.3783498369519593,0.748412639846011,0.11770893272249378,8.428943966305582,False,False
2018-06-29,60,1.0683372930698594,1.2381532033288767,0.1919616607110637,0.006324031983865377,4.233110590419202,False,True
2018-07-31,60,0.8405443763969734,0.22779291667288593,0.5588432737655973,0.04985630702455177,3.241222530046179,False,True
2018-08-31,60,0.9572273157521505,0.11668293935517704,0.09276967666463576,0.0020662480707106553,2.219097317631872,False,True
2018-09-28,60,0.7753941751175775,0.181833140634573,0.15450605878722928,0.004466427238600055,2.814109712604474,False,True
2018-10-31,60,1.1278133843614602,0.3524192092438827,0.2123604617288395,0.007472519045689351,2.730880870661597,False,True
2018-11-30,60,1.0495034770811213,0.07830990728033882,0.25977043380375836,0.01058689447607484,3.2810419168825167,False,True
2018-12-31,60,0.9513996666677588,0.09810381041336258,0.03033172570412374,0.0004436998238983582,1.785161938987405,True,True
2019-01-31,60,0.16160635501378548,0.7897933116539733,0.6508758370002676,0.07509170644665576,5.895052379032215,False,False
2019-02-28,60,0.3084211427090896,0.14681478769530412,0.29089791515920305,0.01292567178546622,6.088266783287267,False,True
2019-03-28,60,0.5385985678965264,0.23017742518743678,0.2256368449068012,0.0082745621130908,6.078796979549608,False,True
2019-04-30,60,0.25390557196306973,0.28469299593345665,0.8883804916907421,0.256284883538793,21.418928400090163,False,False
2019-05-31,60,0.002720370692392082,0.25118520127067767,0.6665136918813543,0.08055107541164708,7.826474259434782,False,False
2019-06-28,60,0.6466145565715433,0.6438941858791513,0.4468232516077716,0.029786135817687666,6.198442098606517,False,True
2019-07-31,60,0.18301669068652845,0.46359786588501484,0.8067959118411634,0.15787629009753512,10.559007255878553,False,False
2019-08-30,60,-0.05650890832457322,0.23952559901110168,0.6675872790660908,0.080941476088778,6.289993902401206,False,False
2019-09-30,60,0.08725785587560149,0.1437667642001747,0.618306073580024,0.06494692999181063,6.4652063382219165,False,False
2019-10-31,60,-0.04230783214844911,0.1295656880240506,0.9238038900386818,0.3383622726773401,16.296695606270056,False,False
2019-11-29,60,-0.14671297265704056,0.10440514050859145,0.4135694149141197,0.025324560543760605,5.190142585414535,False,True
2019-12-31,60,-0.26841098045514294,0.12169800779810239,0.5772294153201746,0.05411444271429486,5.37753240898507,False,False
2020-01-31,60,0.43819918650624007,0.706610166961383,0.5659549048546795,0.0514641575052583,4.286701814101417,False,False
2020-02-28,60,0.1825143774690567,0.2556848090371834,0.8177564741385909,0.16742493589664825,6.633494145481659,False,False
2020-03-31,60,0.7621367170009902,0.5796223395319335,0.16000671550920803,0.004719558780134638,2.8762349405392484,False,True
2020-04-30,60,0.7733111433199913,0.011174426319001118,0.03355908450163136,0.0005067475312741175,1.5945770531874255,True,True
2020-05-29,60,0.759166121128514,0.014145022191477286,0.1248027799694928,0.003212116143274917,2.3134521426520784,False,True
2020-06-30,60,1.1262982941753907,0.36713217304687673,0.04441468752394067,0.0007365526679645037,1.6592679668270836,True,True
2020-07-31,60,0.3988602808369033,0.7274380133384875,0.2643478963206414,0.010913592309531333,3.903375735166342,False,True
2020-08-31,60,0.289889238040709,0.1089710427961943,0.3322793566375785,0.01649285382529042,3.5418621115294964,False,True
2020-09-30,60,0.4578535104573796,0.1679642724166706,0.9456312590332513,0.4087127386415586,7.352220875739551,False,False
2020-10-30,60,1.0540138928483826,0.5961603823910031,0.5183397516502455,0.04154844600680112,4.783144948795884,False,True
2020-11-27,60,0.7951653653481777,0.25884852750020493,0.21755263991313628,0.007780960844795088,2.879862001182113,False,True
2020-12-31,60,0.608968054787196,0.18619731056098177,0.05424420592908144,0.0009671803508450808,2.931904411638427,False,True
2021-01-29,60,0.9721134560615756,0.36314540127437966,0.680314679612821,0.08573314714047825,5.119178544908062,False,False
2021-02-26,60,1.0150449251101867,0.042931469048611115,0.6662180641148272,0.08044393732206945,5.788442080051462,False,False
2021-03-31,60,0.2807600191359661,0.7342849059742207,0.6527079217743601,0.07571005185025545,7.591760900476012,False,False
2021-04-30,60,0.4324484412942462,0.1516884221582801,0.463798158021878,0.032290178926229623,4.512984150772102,False,True
2021-05-31,60,0.833563805924183,0.4011153646299368,0.015012205148862551,0.00018066809611440627,1.3679020109362716,True,True
2021-06-30,60,0.5280184110176119,0.30554539490657107,0.007637128889486198,7.889832189952894e-05,1.2519008086647945,True,True
2021-07-30,60,0.2973940904621605,0.23062432055545146,0.9121874912094108,0.3089354384788934,13.378563389525281,False,False
2021-08-31,60,0.552127586199488,0.2547334957373275,0.24562307480134665,0.00961304940127131,inf,False,True
2021-09-30,60,1.6747777476023629,1.1226501614028748,0.9158726405666128,0.31780737190241337,18.068189921092475,False,False
2021-10-29,60,0.44887524720118843,1.2259025004011743,0.7775836650448437,0.13583340911399439,14.766231262904567,False,False
2021-11-30,60,-0.8320875286491407,1.280962775850329,0.8800338261632791,0.24229371895726298,4.614441430978476,False,False
2021-12-31,60,0.27411446623623487,1.1062019948853756,0.17705499607217778,0.005546709297030639,4.654583567359665,False,True
2022-01-31,60,0.7663188615757274,0.4922043953394925,0.9332573496933462,0.3659502386274699,19.77153917229838,False,False
2022-02-28,60,0.44236568045522345,0.3239531811205039,0.7304728565020183,0.10806799275956819,8.166693246822666,False,False
2022-03-31,60,0.35877124679304057,0.08359443366218289,0.7477625491397997,0.11734133861308604,8.56053429256573,False,False
2022-04-29,60,0.23666671629275784,0.12210453050028272,0.40094314128885505,0.023771410729248963,4.477504642415879,False,True
2022-05-31,60,0.39674109583336636,0.16007437954060852,0.3896876082923089,0.022447317577649856,3.9580049921808307,False,True
2022-06-30,60,0.6408766634779891,0.24413556764462274,0.41678030257769993,0.025731386787367326,4.080875923918611,False,True
2022-07-29,60,0.7514549895494327,0.11057832607144358,0.8599441419503312,0.2132890530222893,13.108829700332997,False,False
2022-08-30,60,0.623166947971105,0.12828804157832774,0.5159407865817279,0.04109796382833513,6.451042912757222,False,True
2022-09-30,60,0.8131506820883311,0.18998373411722613,0.0718448747350976,0.001431308115393522,2.709650362851624,False,True
2022-10-31,60,0.7658394893204733,0.04731119276785778,0.2656401404989742,0.01100686864117881,2.6870056914732587,False,True
2022-11-30,60,0.6793006520481585,0.08653883727231482,0.02802870305096696,0.00040025100430996435,1.578432530674181,True,True
2022-12-30,60,0.737380384684412,0.058079732636253545,0.6518087087234228,0.07540587728942016,2.551428164981885,False,False
2023-01-31,60,0.3582175915892872,0.37916279309512485,0.7908778819187707,0.1453096529065811,9.187649344946925,False,False
2023-02-28,60,0.9442948793312111,0.586077287741924,0.6852241332403282,0.0876657222516054,10.25608198823342,False,False
2023-03-31,60,0.8034207558469498,0.14087412348426132,0.043158042526134324,0.0007085890382131835,2.1266873437048837,True,True
2023-04-28,60,0.4430128466128616,0.3604079092340882,0.6792076374045577,0.08530402759931782,12.08118124175578,False,False
2023-05-31,60,0.11108443037194457,0.33192841624091707,0.6200713709452224,0.06545841063062127,7.202026081465267,False,False
2023-06-30,60,0.14359330151627142,0.03250887114432685,0.36676425085100317,0.019916330564629173,3.886309337978591,False,True
2023-07-31,60,0.5379851181902903,0.39439181667401885,0.828945495812971,0.17804628767379116,3.3139120083862577,False,False
2023-08-31,60,0.6398326272015685,0.10184750901127826,0.9434863683454203,0.4006465915788263,4.686184800444899,False,False
2023-09-29,60,0.5001346124097935,0.13969801479177502,0.1042783685640577,0.0024536324886809454,5.134450842834221,False,True
2023-10-31,60,0.6401196005637556,0.1399849881539621,0.053922109096395734,0.0009592932779907484,6.109570693978576,False,True
2023-11-30,60,0.8088955636074674,0.16877596304371179,0.5402987137805081,0.04588113295234721,3.6320655974383453,False,True
2023-12-29,60,1.0099935364622958,0.20109797285482844,0.016663689571894784,0.00020590536142265433,1.4653462796788388,True,True
2024-01-31,60,0.8303204487012985,0.17967308776099733,0.6151756615480833,0.06404994522514348,4.900656638478594,False,False
2024-02-29,60,0.8409153960472411,0.010594947345942574,0.5763420387564948,0.053901199470985595,5.224767827557774,False,False
2024-03-28,60,0.6075209235565834,0.2333944724906577,0.7127568903705895,0.0994756198892015,15.258089568684172,False,False
2024-04-30,60,0.3391755635162952,0.2683453600402882,0.014783628962877392,0.00017724058435468276,2.2408462834936373,True,True
2024-05-31,60,0.47591320645246893,0.13673764293617374,0.6374371257257104,0.07071768048919891,4.0822358514588455,False,False
2024-06-28,60,0.10268867898154763,0.3732245274709213,0.30448391648445317,0.014036336195724157,3.3769856885615424,False,True
2024-07-31,60,0.4565236502921052,0.3538349713105575,0.48140836760874156,0.03506652021542236,5.027208440231957,False,True
2024-08-30,60,0.6729911804348999,0.21646753014279474,0.1145100360319301,0.002820855982811553,2.400699031928062,False,True
2024-09-30,60,0.728290179608944,0.05529899917404413,0.5312087666409221,0.04404067808222332,4.391139547249941,False,True
2024-10-31,60,0.5592922670360088,0.16899791257293528,0.9529650067059523,0.43887483382251335,31.970606021458384,False,False
2024-11-29,60,0.963798614714102,0.40450634767809324,0.5427824878447289,0.04639604680587574,6.158221630907031,False,True
2024-12-31,60,0.8123427710438716,0.15145584367023035,0.5674888321423623,0.051817322148227166,5.046160920122526,False,False
2025-01-31,60,0.57313296012845,0.2392098109154216,0.5956391447398922,0.05872788033375802,5.749621253822419,False,False
2025-02-28,60,1.1302940600979945,0.5571610999695444,0.32997086823450783,0.01627898415866462,4.280581504377568,False,True
2025-03-28,60,0.8135071107460308,0.3167869493519637,0.8061742292886109,0.1573578572839029,9.311400155640937,False,False
2025-04-30,60,0.6587472253039026,0.15475988544212815,0.5581708079468136,0.04970674054963274,7.425398882017788,False,True
2025-05-30,60,0.49229602653328747,0.16645119877061515,0.0928971533226765,0.0020703905866239695,3.9596927834353695,False,True
2025-06-30,60,0.40952442723205823,0.08277159930122924,0.28932459893141627,0.012800692624242284,4.001488801586897,False,True
2025-07-31,60,0.6377204363864544,0.22819600915439614,0.982668223619251,0.6427215733692864,inf,False,False
2025-08-29,60,1.0240681732298607,0.3863477368434063,0.34023091017283114,0.017243758677545778,6.142706531305305,False,True
2025-09-30,60,0.7813263030530163,0.24274187017684434,0.4916990041471211,0.036778970339222394,4.270656848615798,False,True
2025-10-31,60,0.625206016270098,0.15612028678291834,0.5609512287076253,0.050327888049575754,5.667084865848468,False,False
2025-11-28,60,0.7625343942238174,0.13732837795371944,0.15606745441263065,0.004537606872371395,2.879707144466531,False,True
2025-12-31,60,0.7435976646163224,0.01893672960749504,0.001920138523856136,1.5698823175615428e-05,1.0168875614518105,True,True
2026-01-30,60,0.5566523575837868,0.18694530703253553,0.220696256939309,0.007970956352043946,2.6894971834293306,False,True
2026-02-27,60,0.8415860485654337,0.2849336909816469,0.1601824959509967,0.004727757410059349,2.6522819502710897,False,True
2026-03-30,60,0.9659626518301753,0.12437660326474154,0.4101146623482167,0.024892272293860696,6.980779787474354,False,True
2026-04-30,60,0.8983540370043924,0.06760861482578284,0.5390210588792193,0.04561829752560005,28.187348612182085,False,True
2026-05-29,60,0.5862005168916659,0.31215352011272657,0.6246757839426833,0.06681206867820495,8.054067660056193,False,False
2026-06-30,60,0.8417535543856662,0.2555530374940004,0.7532428181826133,0.12048606088878117,9.161363754387242,False,False
2018-06-29,120,1.5505000552795998,,0.5269687476535965,0.04320519983648557,10.251374993660294,False,True
2018-07-31,120,1.40224108321027,0.1482589720693297,0.6198737835369711,0.06540095666056865,11.775574511626592,False,False
2018-08-31,120,1.2391502745250655,0.16309080868520454,0.5227968055669822,0.04239700261130092,11.409368361900642,False,True
2018-09-28,120,0.9704823284280656,0.26866794609699995,0.00864518223248669,9.164847272475695e-05,3.409001218564483,True,True
2018-10-31,120,0.9010261183549688,0.06945621007309677,0.040629452184271594,0.000653387172172501,3.4603286214042677,True,True
2018-11-30,120,0.9899042864726136,0.08887816811764482,0.013918947898932338,0.00016442215724674184,2.8353099559690933,True,True
2018-12-31,120,0.928424153459708,0.06148013301290567,0.003941647287415092,3.599300863751591e-05,2.506131100004228,True,True
2019-01-31,120,0.6087964533159522,0.31962770014375574,0.23592268100590502,0.008975774815890144,12.105221487948583,False,True
2019-02-28,120,0.49775260687501655,0.11104384644093568,0.4545183114401125,0.03090115725128646,9.354517643041538,False,True
2019-03-28,120,0.4081096340167717,0.08964297285824485,0.07500661655578747,0.0015214938740022222,4.504625327422864,False,True
2019-04-30,120,0.4737480456037174,0.06563841158694572,0.6983862451605303,0.0930962707488866,16.952632888633307,False,False
2019-05-31,120,0.4842984792740089,0.01055043367029146,0.6561512211781148,0.07688710749681121,16.097590862011817,False,False
2019-06-28,120,0.9041136435952388,0.41981516432122995,0.8472569311255604,0.19768847503458103,21.314465752678565,False,False
2019-07-31,120,0.3634984959254921,0.5406151476697467,0.65157944330849,0.07532853489611456,14.2861041654571,False,False
2019-08-30,120,0.49811499080155097,0.13461649487605887,0.42425747435237704,0.026697995322231733,10.440762379439686,False,True
2019-09-30,120,0.1642554150016314,0.33385957579991954,0.41373890013790987,0.02534591239175813,8.49883319781168,False,True
2019-10-31,120,0.005436615373104861,0.15881879962852655,0.6659831644101831,0.08035891938257045,13.832961521549441,False,False
2019-11-29,120,-0.10557793563256428,0.11101455100566913,0.43213640071394055,0.02774642006048431,8.02434287275291,False,True
2019-12-31,120,-0.06121132661735529,0.04436660901520899,0.248399342125195,0.009799948943217464,6.591783919292733,False,True
2020-01-31,120,-0.026490786842864867,0.034720539774490425,0.2962506178434495,0.013356481025524275,8.694912047386916,False,True
2020-02-28,120,-0.04190717491083664,0.015416388067971774,0.4768766456429553,0.034333897439726056,8.328787131070849,False,True
2020-03-31,120,0.5989043481065489,0.6408115230173855,0.25840319090246033,0.010490427495754743,7.223257444077443,False,True
2020-04-30,120,0.85175677404118,0.2528524259346311,0.07673881384731288,0.0015717743679676901,5.015433066092066,False,True
2020-05-29,120,0.8511845446952425,0.0005722293459374805,0.11971958794134968,0.0030161364242040152,4.728915267255935,False,True
2020-06-30,120,0.8304108644570252,0.02077368023821735,0.028194246597737553,0.0004033305841188833,3.4313925171579673,True,True
2020-07-31,120,0.6279607659022455,0.2024500985547797,0.3363847062150516,0.016877766619772326,6.610137226435252,False,True
2020-08-31,120,0.5430878990474705,0.08487286685477502,0.2269070508160556,0.008353613803213549,6.28809617764642,False,True
2020-09-30,120,0.519397355541086,0.023690543506384443,0.2610451558564598,0.010677293802640687,6.973826022295828,False,True
2020-10-30,120,0.5605884554543235,0.04119109991323744,0.678946890347077,0.0852033062574194,12.716628876956364,False,False
2020-11-27,120,0.6154101746106942,0.054821719156370796,0.592251259624679,0.057850915212795076,12.044478632086179,False,False
2020-12-31,120,0.8939172219219417,0.2785070473112474,0.003002362735930961,2.6223120715234818e-05,3.1965734972587243,True,True
2021-01-29,120,0.9226217946738968,0.02870457275195515,0.21177645704333659,0.007438241481366194,5.2332683497802,False,True
2021-02-26,120,0.8801229439232836,0.042498850750613215,0.14163466640125283,0.0038997867848375033,4.684911495150482,False,True
2021-03-31,120,0.8066867815304659,0.0734361623928177,0.3436430357076249,0.017572858351799985,6.384877447641605,False,True
2021-04-30,120,0.8120015111150046,0.005314729584538713,0.6208064764022478,0.06567261797992609,7.410966388783088,False,False
2021-05-31,120,0.7037690555672251,0.1082324555477795,0.3075984237600581,0.014299049374514773,6.932127971501167,False,True
2021-06-30,120,0.4163319621313112,0.28743709343591395,0.2090763751145001,0.007280847385954916,5.711019396629384,False,True
2021-07-30,120,0.33854643770341447,0.07778552442789671,0.1363418240413517,0.0036770892593446167,4.902168351088274,False,True
2021-08-31,120,0.4614686997610803,0.12292226205766582,0.07945929870379032,0.0016519842624982226,28.888716212326095,False,True
2021-09-30,120,0.6658112716331381,0.20434257187205784,0.06224210063664839,0.0011700614848441707,31.641449868154734,False,True
2021-10-29,120,0.7124736170103049,0.046662345377166736,0.855290357390627,0.20735272613343309,35.02642147445742,False,False
2021-11-30,120,0.7562131318669031,0.043739514856598216,0.8180066213979397,0.16765230981310575,31.633391452077063,False,False
2021-12-31,120,0.7200195776934962,0.03619355417340686,0.8113141483426755,0.16171697327244638,31.52018188411572,False,False
2022-01-31,120,0.34547711588933555,0.3745424618041607,0.5077692742621855,0.03959549939373061,13.976909281632778,False,True
2022-02-28,120,0.2886631642070386,0.05681395168229697,0.6564625821365094,0.07699451464997102,14.206109211969219,False,False
2022-03-31,120,0.4858376359526339,0.19717447174559533,0.1424801234914882,0.003935912760436435,7.619226832216905,False,True
2022-04-29,120,0.38150655126436,0.1043310846882739,0.51135189390088,0.04024820105960491,10.426525061327997,False,True
2022-05-31,120,0.4569593777091262,0.0754528264447662,0.3892020990200403,0.022391443442593743,7.931859889204256,False,True
2022-06-30,120,0.5487161275857096,0.09175674987658344,0.3710139210389405,0.020369395390189622,7.618065442872713,False,True
2022-07-29,120,0.5728395453336282,0.024123417747918596,0.36649870224994424,0.019888256776673847,8.821176414558343,False,True
2022-08-30,120,0.5467816265117041,0.026057918821924098,0.6324994535222084,0.06917897410712603,12.161367163377804,False,False
2022-09-30,120,0.8046059025358638,0.2578242760241597,0.6483288494364636,0.07424107193236407,12.951490090614554,False,False
2022-10-31,120,0.7031414792577032,0.10146442327816063,0.668193216581563,0.08116274035712012,13.563504821617935,False,False
2022-11-30,120,0.6603349398477143,0.04280653940998891,0.10719543016841865,0.0025561328265168576,5.633200531198268,False,True
2022-12-30,120,0.7589791641663763,0.09864422431866204,0.11329822546491841,0.0027762365992175554,2.683333595697415,False,True
2023-01-31,120,0.7575063147424955,0.0014728494238808176,0.9735707768064825,0.5574850653804078,15.896053954331581,False,False
2023-02-28,120,0.8890302651426549,0.1315239504001594,0.9478285164284534,0.41730830198577207,24.33622210153464,False,False
2023-03-31,120,0.571707959261692,0.3173223058809629,0.7866119091043134,0.14217489758986468,22.404375239271864,False,False
2023-04-28,120,0.2960985042922477,0.27560945496944433,0.5687712496873489,0.05211434465699041,11.92765323970375,False,False
2023-05-31,120,0.22572581669428463,0.07037268759796309,0.606740817461276,0.06169515841112242,13.961110016009574,False,False
2023-06-30,120,0.28556829525815586,0.05984247856387123,0.39132562452527475,0.022636573927518965,8.58803748272116,False,True
2023-07-31,120,0.3157561116029536,0.030187816344797724,0.7863190778923733,0.14196307165634836,15.14662213684967,False,False
2023-08-31,120,0.3597044293552953,0.0439483177523417,0.8211827540959311,0.17057810945634178,16.749171385443873,False,False
2023-09-29,120,0.5762357482133637,0.21653131885806837,0.01008450925768969,0.00011053525176929761,4.638737731473579,True,True
2023-10-31,120,0.6166272921946953,0.0403915439813316,0.016455022359145987,0.00020267134126759597,4.355556831241883,True,True
2023-11-30,120,0.6716447911306811,0.05501749893598584,0.05474975441922749,0.0009796040948587947,4.321440318114792,False,True
2023-12-29,120,0.7828910117558575,0.11124622062517642,0.06610012604450508,0.0012727216278792719,5.012645192090906,False,True
2024-01-31,120,0.8097062412209061,0.02681522946504855,0.08139057912495445,0.0017098456836676442,5.094544530887015,False,True
2024-02-29,120,0.9215723268778244,0.11186608565691836,0.03794555735421043,0.0005963707751042746,3.8300907594113753,True,True
2024-03-28,120,0.9685635388440287,0.04699121196620426,0.7750556050222166,0.1341251738136181,13.408488283739636,False,False
2024-04-30,120,0.7657190377870066,0.20284450105702212,0.9290833105224092,0.35330769236582216,43.15241193174534,False,False
2024-05-31,120,0.3435196291162453,0.4221994086707613,0.21938355205800059,0.007891318816763195,9.402927460016507,False,True
2024-06-28,120,0.2878114214777551,0.05570820763849016,0.3888731004017136,0.022353638521968255,8.745213060064069,False,True
2024-07-31,120,0.42374642361236725,0.13593500213461213,0.08840169824929689,0.0019263108403394299,4.080097244764492,False,True
2024-08-30,120,0.4965539713009787,0.07280754768861147,0.2515952857107495,0.010017624513941187,5.944082131310862,False,True
2024-09-30,120,0.4947859029344318,0.0017680683665469155,0.2765178149226166,0.011810637155143725,6.596450065944183,False,True
2024-10-31,120,0.4688434818961887,0.025942421038243124,0.8352714861823836,0.18449036382596107,13.550467500017282,False,False
2024-11-29,120,0.5197411440780656,0.05089766218187691,0.7217105933343297,0.10371137733976926,12.007867609498708,False,False
2024-12-31,120,0.5131707890069591,0.006570355071106482,0.6546413677626786,0.07636856353439514,15.287294235254818,False,False
2025-01-31,120,0.5764261447048828,0.06325535569792373,0.6618627961480305,0.07888354572212297,13.76388891896963,False,False
2025-02-28,120,0.9921114224202595,0.41568527771537667,0.27483434792347367,0.011684044787649799,7.209862747938608,False,True
2025-03-28,120,0.89483730430477,0.09727411811548947,0.4310334552209947,0.02759777188906699,7.711265145730982,False,True
2025-04-30,120,0.7959612975124034,0.09887600679236663,0.23667751948184274,0.009024494971846715,9.88002451736447,False,True
2025-05-30,120,0.7686764948126871,0.027284802699716337,0.1308033426947281,0.003450415730498114,7.4070470701769215,False,True
2025-06-30,120,0.7344749806823638,0.03420151413032324,0.11397142683491684,0.0028009866970257623,11.245255140825437,False,True
2025-07-31,120,0.6250494461846302,0.10942553449773362,0.964169559112175,0.49519066312351684,119.56529646013503,False,False
2025-08-29,120,0.6301823394268959,0.005132893242265735,0.9514625490785094,0.43233703657907635,60.707553731550654,False,False
2025-09-30,120,0.7123403248555837,0.0821579854286878,0.954155764663303,0.44420260080438984,96.92376475978561,False,False
2025-10-31,120,1.2316484493275415,0.5193081244719577,0.2786957075905341,0.011975619747860976,8.45359408818377,False,True
2025-11-28,120,1.0726068163542022,0.1590416329733393,0.14835257086373493,0.004191069953392643,5.50060210345303,False,True
2025-12-31,120,0.6621511051806541,0.41045571117354807,0.022477657721570572,0.00030100899787888235,3.676643862768767,True,True
2026-01-30,120,0.5704331125845794,0.09171799259607472,0.0794542205323413,0.0016518331264610735,4.13194192189764,False,True
2026-02-27,120,0.7888391686318881,0.21840605604730867,0.020487533568637178,0.00026739666673239085,3.4466101452503324,True,True
2026-03-30,120,0.9882375535941539,0.1993983849622658,0.3789698412842916,0.021237074870569327,6.822608867422471,False,True
2026-04-30,120,0.9535971055033604,0.034640448090793474,0.668889467456387,0.08141780793191611,10.67263624333302,False,False
2026-05-29,120,0.9107614830641563,0.042835622439204135,0.41160209755899035,0.025077707002881318,8.494979485260732,False,True
2026-06-30,120,0.9224296671517169,0.011668184087560651,0.1686785938256376,0.005132179543016027,8.131901298700898,False,True
2019-01-31,250,1.1183232116308384,,0.40370515417511627,0.024104922883844894,15.291630757213412,False,True
2019-02-28,250,0.9948984194516854,0.12342479217915292,0.40205702531136694,0.02390549778870255,16.768394649404996,False,True
2019-03-28,250,0.8528314321953567,0.14206698725632871,0.016244878698746565,0.00019942753981739335,8.830328643802385,True,True
2019-04-30,250,0.670031373254329,0.1828000589410277,0.2863245818660645,0.012564434169855546,9.310264486192414,False,True
2019-05-31,250,0.687684769476956,0.01765339622262696,0.17572206505533938,0.005479685162268813,10.320666029767514,False,True
2019-06-28,250,0.7369776127162275,0.04929284323927152,0.30833751293509315,0.014361844788483449,13.075394895904314,False,True
2019-07-31,250,0.69948161775451,0.037495994961717516,0.1970440333605495,0.006600883044673249,13.327746246979885,False,True
2019-08-30,250,0.7345074236379244,0.03502580588341442,0.1661594700999186,0.00501059453971553,13.533160353774356,False,True
2019-09-30,250,0.6515763727849968,0.08293105085292762,0.06638411847788135,0.0012804008600136789,15.650058463039514,False,True
2019-10-31,250,0.5554123036300835,0.09616406915491327,0.2665048981372181,0.011069547678029049,26.130248322885805,False,True
2019-11-29,250,0.468071984070145,0.08734031955993854,0.13080430267975823,0.003450454459050414,17.843330298364464,False,True
2019-12-31,250,0.4015583567282097,0.06651362734193528,0.16724995048143737,0.005063052566239301,20.166658340662615,False,True
2020-01-31,250,0.20497361390676452,0.1965847428214452,0.0546200759490984,0.0009764120879383888,11.875911934439848,False,True
2020-02-28,250,0.19505102212067996,0.009922591786084567,0.026662906179133417,0.00037510412538648995,10.237837531527337,True,True
2020-03-31,250,0.4677163432709498,0.27266532115026987,0.04368850517065761,0.000720350535737534,10.924483873485212,True,True
2020-04-30,250,0.5873405231232648,0.119624179852315,0.04454828399696383,0.0007395460885128008,11.497105396540118,True,True
2020-05-29,250,0.6024380955213063,0.015097572398041548,0.0432275715280715,0.0007101270880812554,11.484327968468081,True,True
2020-06-30,250,0.5959893072113234,0.006448788309982967,0.1089824499092023,0.002619789350553987,10.100354995565695,False,True
2020-07-31,250,0.5363180727713597,0.059671234439963694,0.25918164879535455,0.010545289731908174,10.585496723918315,False,True
2020-08-31,250,0.4765753500324176,0.0597427227389421,0.15969966626499515,0.004705253918792976,10.9390320474536,False,True
2020-09-30,250,0.5078105960358615,0.03123524600344396,0.2104277318464967,0.007359398557422015,9.978787908902124,False,True
2020-10-30,250,0.5902753866772789,0.08246479064141732,0.05906423903416937,0.0010878357286820152,9.162112171319098,False,True
2020-11-27,250,0.6167277055487504,0.026452318871471592,0.10528262370856173,0.0024887229815356215,9.407689942685357,False,True
2020-12-31,250,0.6439224004104324,0.027194694861681912,0.08366409659110291,0.0017789386135267477,8.077479543744944,False,True
2021-01-29,250,0.6895122857165799,0.04558988530614749,0.1607855091896025,0.004755934458726645,9.84006013238934,False,True
2021-02-26,250,0.7086071607213169,0.019094875004737055,0.13163725174259439,0.0034841311387376795,10.052134975279788,False,True
2021-03-31,250,0.7068372327188058,0.0017699280025110786,0.2273947238572806,0.008384073100011461,12.399178808973668,False,True
2021-04-30,250,0.6965912438963971,0.01024598882240868,0.2308816933674271,0.00865412065071112,12.477987420071017,False,True
2021-05-31,250,0.7147388950615251,0.018147651165127954,0.18344635622034405,0.005873717728644345,11.846988559889438,False,True
2021-06-30,250,0.7677794923783411,0.053040597316815985,0.06565579993756711,0.0012607405224434748,9.156619004779735,False,True
2021-07-30,250,0.7299055553029566,0.037873937075384445,0.7330449549187646,0.10938882526873556,18.4566644130363,False,False
2021-08-31,250,0.6390642879372193,0.09084126736573739,0.2961606760995672,0.013349169982026772,11.805661172764243,False,True
2021-09-30,250,0.6507753732688729,0.011711085331653659,0.6325352414413352,0.0691899994461532,17.570618473570853,False,False
2021-10-29,250,0.6520848143258489,0.0013094410569759463,0.5088896024267032,0.03979860834618966,19.257991861347058,False,True
2021-11-30,250,0.5895194674999809,0.062565346825868,0.4522267613117751,0.030565681208755063,19.095978824487094,False,True
2021-12-31,250,0.5401573625075032,0.04936210499247762,0.4102149405461435,0.024904741259901657,17.954411890315342,False,True
2022-01-31,250,0.5835675553989177,0.043410192891414456,0.39141921261128626,0.022647422024812562,18.209019706199193,False,True
2022-02-28,250,0.6414381247489722,0.057870569350054524,0.43029500321817515,0.027498593325577452,17.87422009614893,False,True
2022-03-31,250,0.6068572919647387,0.03458083278423352,0.41771409058378794,0.025850622858532506,18.821449418561404,False,True
2022-04-29,250,0.620445824374265,0.013588532409526288,0.41630632748431035,0.025671024314785015,23.02714778666355,False,True
2022-05-31,250,0.5968596285554111,0.023586195818853906,0.5439226978881624,0.04663419094657777,22.028750316033967,False,True
2022-06-30,250,0.576536366808074,0.020323261747337118,0.4002914441897365,0.023693219122167635,20.506619334328708,False,True
2022-07-29,250,0.5895559988263152,0.01301963201824119,0.15923755461735933,0.004683764083713652,14.434587961990381,False,True
2022-08-30,250,0.600623373724008,0.011067374897692828,0.2367514408792924,0.009029273963841844,17.062758771828413,False,True
2022-09-30,250,0.6440994517999794,0.043476078075971425,0.18678281089255427,0.0060481535340476955,12.686129311768306,False,True
2022-10-31,250,0.6672815662914156,0.023182114491436145,0.2880643693755949,0.012701119445947517,13.91721704075335,False,True
2022-11-30,250,0.6907566622064347,0.023475095915019173,0.2831591061762284,0.012318042011460618,13.65263317722553,False,True
2022-12-30,250,0.7160393262092978,0.025282664002863053,0.21016077485520102,0.007343845670673835,12.53176399974581,False,True
2023-01-31,250,0.6750721227386636,0.040967203470634206,0.2776909443286716,0.011899335396421266,13.840818045034707,False,True
2023-02-28,250,0.6387184426591193,0.036353680079544315,0.5109466080970114,0.04017389606743674,19.084652222169495,False,True
2023-03-31,250,0.6912123056536417,0.05249386299452241,0.43599649614106417,0.02827156586268728,18.58173686524729,False,True
2023-04-28,250,0.45276029413729696,0.2384520115163447,0.6778061372170926,0.0847642215370022,23.88969404999479,False,False
2023-05-31,250,0.2479277228774987,0.20483257125979826,0.6074033075723695,0.061876900524730154,22.922657748760958,False,False
2023-06-30,250,0.17890478907465238,0.06902293380284633,0.6713992298304727,0.08234462751013966,23.108491803708905,False,False
2023-07-31,250,0.1516280080330563,0.027276781041596088,0.6806347471798385,0.08585766572228315,25.854049464040102,False,False
2023-08-31,250,0.1436349878504581,0.007993020182598176,0.6349572516317993,0.0699404487757107,27.256346513275567,False,False
2023-09-29,250,0.169808162723479,0.0261731748730209,0.5105691916620474,0.040104808430690114,24.907641215522546,False,True
2023-10-31,250,0.18559809948615108,0.01578993676267207,0.31409661213813334,0.014857162475347952,19.16830136201262,False,True
2023-11-30,250,0.26933770030226234,0.08373960081611126,0.5601674720706147,0.050152062998275584,23.702749909744153,False,False
2023-12-29,250,0.4786355559117605,0.20929785560949815,0.5187698753827343,0.04162967441310469,24.674035438813565,False,True
2024-01-31,250,0.6221539494485264,0.14351839353676593,0.28669644977999814,0.012593574051783202,19.072815096258136,False,True
2024-02-29,250,0.788492779497913,0.16633883004938654,0.16501174793837325,0.0049556687874176,13.007921160818917,False,True
2024-03-28,250,0.8512916686387462,0.0627988891408332,0.1548907763060593,0.004483916016560901,11.111003881452659,False,True
2024-04-30,250,0.8455650315445054,0.005726637094240816,0.914189770925354,0.3137062526436592,26.171188105271288,False,False
2024-05-31,250,0.8765274273147704,0.03096239577026505,0.8422487383545536,0.19200651902877225,28.059420291558933,False,False
2024-06-28,250,0.8668573451215147,0.009670082193255713,0.6377253351575471,0.07080859739184361,27.11413385075288,False,False
2024-07-31,250,0.7843610709926434,0.08249627412887128,0.6878436368586012,0.08871701333208892,30.309159923467842,False,False
2024-08-30,250,0.7574765268216297,0.026884544171013713,0.581222688006023,0.05508416732760925,26.136029531172042,False,False
2024-09-30,250,0.6883212951170283,0.06915523170460136,0.5748172909535854,0.053536676536567906,24.38837968868862,False,False
2024-10-31,250,0.586793583966862,0.10152771115016634,0.4856767586311547,0.03576847911540265,22.83890898999957,False,True
2024-11-29,250,0.49109308941492275,0.09570049455193924,0.17300725921249893,0.005344420357685152,13.974262247026845,False,True
2024-12-31,250,0.43312668825361417,0.05796640116130858,0.20510277622306994,0.007052442260362046,12.695901984382512,False,True
2025-01-31,250,0.38034725780166756,0.05277943045194661,0.031089902605970516,0.00045828662872763866,7.954886993671564,True,True
2025-02-28,250,0.35712183153453125,0.023225426267136307,0.9313047435196274,0.35993910393478756,41.250489230350134,False,False
2025-03-28,250,0.3919356877221776,0.03481385618764632,0.7222343054076874,0.10396573930673542,28.18840071949601,False,False
2025-04-30,250,0.5207228562715672,0.12878716854938965,0.7448163164061474,0.11569330442344639,33.99664029392819,False,False
2025-05-30,250,0.6948881195800544,0.17416526330848714,0.45239234722555677,0.030589824230762397,22.5727749435569,False,True
2025-06-30,250,0.8751475888727688,0.1802594692927144,0.3152969002105026,0.014961746848246776,16.73639526346345,False,True
2025-07-31,250,0.981573332498981,0.10642574362621227,0.6855478430138194,0.08779486877724119,22.341322279298748,False,False
2025-08-29,250,1.0087684049619035,0.02719507246292241,0.4278431191657257,0.027171265685424398,15.737790408275925,False,True
2025-09-30,250,1.0116864993851535,0.002918094423250084,0.5353194366986381,0.044864521730068704,17.744656304640944,False,True
2025-10-31,250,1.0579434859726733,0.046256986587519755,0.6451734281896311,0.07320150990908297,20.124109695484325,False,False
2025-11-28,250,1.0553376567575865,0.0026058292150867857,0.7119896574741569,0.09912232165803686,23.136129908486478,False,False
2025-12-31,250,0.9701638492081706,0.08517380754941595,0.8682120305072489,0.22451514917768822,35.04499647624975,False,False
2026-01-30,250,0.8041971906571258,0.16596665855104475,0.8149293420261537,0.16488544817340622,46.753685211691106,False,False
2026-02-27,250,0.7035996597542683,0.1005975309028575,0.8868329535559064,0.25359052978198937,59.33531838786613,False,False
2026-03-30,250,0.954346014400345,0.25074635464607675,0.7652932820902942,0.1277868332313169,41.5966919731684,False,False
2026-04-30,250,1.0503427370428522,0.09599672264250714,0.15161008257572978,0.0043358142041099775,16.867149933714153,False,True
2026-05-29,250,1.0114787611080744,0.03886397593477775,0.08425211010521,0.0017969805757903675,11.460073076898299,False,True
2026-06-30,250,1.0130959190199376,0.0016171579118631207,0.047205504912648764,0.0007999004465419553,8.815668261812103,True,True
2020-01-31,500,0.9773807168320918,,0.003285399364255214,2.9109896586413e-05,13.653965221780677,True,True
2020-02-28,500,0.9346579881975061,0.042722728634585705,0.0021496019936110317,1.785662690786058e-05,14.642723638960057,True,True
2020-03-31,500,0.8500477761502477,0.08461021204725838,6.595120010549079e-05,4.0281731455327377e-07,11.495603463513259,True,True
2020-04-30,500,0.7440163671891529,0.10603140896109486,0.0008609566500452691,6.373288565722033e-06,10.497429589390888,True,True
2020-05-29,500,0.7186586610784882,0.02535770611066468,0.0013875118900541863,1.086639662935108e-05,11.010405340433698,True,True
2020-06-30,500,0.6902265118996741,0.028432149178814092,0.0018226953854777294,1.4795707883474197e-05,11.167171828694542,True,True
2020-07-31,500,0.6072114958956171,0.08301501600405703,0.012416769711125555,0.0001427218814195123,12.503848852207618,True,True
2020-08-31,500,0.5450923902575979,0.062119105638019145,0.017955021078409003,0.00022620370785701225,13.107863550042113,True,True
2020-09-30,500,0.5568571261173854,0.011764735859787434,0.012845441609367077,0.0001488393784541152,12.767531126043298,True,True
2020-10-30,500,0.6064595086127276,0.04960238249534221,0.005200319827598741,4.9867359391780295e-05,13.047618277027961,True,True
2020-11-27,500,0.6079638810381557,0.0015043724254281132,0.004517000527262754,4.223082254254258e-05,12.963187042733802,True,True
2020-12-31,500,0.6219063387924524,0.0139424577542967,0.004081600191251025,3.7493469127068343e-05,13.153287009913202,True,True
2021-01-29,500,0.6477737576650116,0.025867418872559167,0.0046314413318151795,4.349293959501006e-05,12.696454064812865,True,True
2021-02-26,500,0.6599239071818992,0.012150149516887643,0.003291734841167213,2.9175097815891997e-05,11.959514785981142,True,True
2021-03-31,500,0.6534003134557582,0.006523593726140975,0.0016873562438023935,1.3555037803335748e-05,12.207561395576066,True,True
2021-04-30,500,0.6550464302129325,0.0016461167571742985,0.006323657345896658,6.291858202780691e-05,12.160858706727895,True,True
2021-05-31,500,0.6600321101908764,0.004985679977943858,0.0035365458440172253,3.1713582273066886e-05,12.149819398140874,True,True
2021-06-30,500,0.6634750896542646,0.0034429794633882294,0.007259298953147902,7.422606041930633e-05,11.330244699499184,True,True
2021-07-30,500,0.6522532303374395,0.011221859316825067,0.016015749587571165,0.00019590573516692513,12.711334131478596,True,True
2021-08-31,500,0.647639684490967,0.004613545846472555,0.004664779671898299,4.3861911417266764e-05,13.059383561035876,True,True
2021-09-30,500,0.6594650378311016,0.01182535334013457,0.028685437289112624,0.00041250806236865615,13.551393857414638,True,True
2021-10-29,500,0.6593883294576206,7.670837348094928e-05,0.005273851423290562,5.070320170591163e-05,12.225904323209267,True,True
2021-11-30,500,0.6633489631486648,0.0039606336910441575,0.04805218650040405,0.0008194559634858172,13.747251506094672,True,True
2021-12-31,500,0.6661080521397822,0.002759088991117431,0.04323595086549741,0.0007103125197837755,13.219046809050937,True,True
2022-01-31,500,0.6768845194833029,0.010776467343520668,0.05479879289039682,0.0009808120981130506,13.026404597955695,False,True
2022-02-28,500,0.6813568621844168,0.004472342701113963,0.02422759081183258,0.0003314374281923798,13.226841947094545,True,True
2022-03-31,500,0.6750824826721455,0.0062743795122712775,0.05355144271557854,0.0009502442746662891,15.589113703563541,False,True
2022-04-29,500,0.6660904671694429,0.008992015502702677,0.07699362058835058,0.0015792226005432774,16.824526743579494,False,True
2022-05-31,500,0.6705506393316399,0.004460172162197074,0.06610866951993023,0.0012729524015360654,16.780838033790626,False,True
2022-06-30,500,0.6875810519609922,0.017030412629352232,0.053263022857643824,0.0009432234241603284,16.08894009902386,False,True
2022-07-29,500,0.6878244174793068,0.00024336551831460884,0.04644646437557147,0.0007825021273969051,16.076307190651054,True,True
2022-08-30,500,0.6542993788268311,0.03352503865247569,0.01618835480425919,0.00019855728260366226,13.584221625022515,True,True
2022-09-30,500,0.6255041339815672,0.028795244845263857,0.0427863681053118,0.0007003854650853615,15.099674982178344,True,True
2022-10-31,500,0.6240545374437898,0.0014495965377774311,0.09636678873617466,0.0021844161196329865,17.687876212767915,False,True
2022-11-30,500,0.6022191252133451,0.021835412230444717,0.08181526816845541,0.001722671816490459,17.622776320087173,False,True
2022-12-30,500,0.584847814385999,0.01737131082734611,0.08556070594829635,0.0018373857563096167,17.729498838932706,False,True
2023-01-31,500,0.5985477435276247,0.013699929141625766,0.03984989185284216,0.000636657997773726,16.26027140796225,True,True
2023-02-28,500,0.6437198446704214,0.04517210114279668,0.10447004947128835,0.002460314182774524,18.406509708906697,False,True
2023-03-31,500,0.6318007794996265,0.011919065170794885,0.11248353725766003,0.002746409942835522,19.044245189904807,False,True
2023-04-28,500,0.5884180775560834,0.0433827019435431,0.45635711946878454,0.03117248543928733,29.069583239714095,False,True
2023-05-31,500,0.492404689255279,0.09601338830080441,0.41423082700421177,0.02540796254664573,31.085650956820007,False,True
2023-06-30,500,0.4395474735349756,0.05285721572030344,0.37884632205984936,0.021223406637304407,30.595165132908765,False,True
2023-07-31,500,0.40716403626386477,0.032383437271110815,0.253302414671734,0.010135011828605442,26.88386845765115,False,True
2023-08-31,500,0.3919573604657072,0.015206675798157543,0.29086855051973026,0.012923332335268612,28.352352802839157,False,True
2023-09-29,500,0.36565300624748,0.026304354218227244,0.3550001535555971,0.01869881963689851,30.14172925826035,False,True
2023-10-31,500,0.343810315223986,0.02184269102349401,0.3997229974082706,0.0236251712589974,32.91769964323338,False,True
2023-11-30,500,0.3521507453703309,0.008340430146344946,0.41742557859192186,0.025813737910457903,34.11979017454118,False,True
2023-12-29,500,0.37868615360739155,0.02653540823706063,0.7669017197158179,0.12880388892067046,55.991548924610555,False,False
2024-01-31,500,0.41065570360630493,0.03196954999891338,0.7369458613334405,0.11142997860553461,58.64802585485568,False,False
2024-02-29,500,0.5100720375130128,0.09941633390670784,0.9580809309994451,0.4627696479743896,128.00363500290388,False,False
2024-03-28,500,0.6239228519041964,0.11385081439118361,0.9449738054719348,0.4062073351296239,118.4373153895476,False,False
2024-04-30,500,0.7151084291174462,0.09118557721324982,0.973904869890299,0.5600721263408769,202.74033025363448,False,False
2024-05-31,500,0.716706981445128,0.0015985523276818014,0.9254969763381184,0.343036436444491,134.99455829148417,False,False
2024-06-28,500,0.7400033138870217,0.023296332441893663,0.8783363778305645,0.23960270751188545,108.9966332445917,False,False
2024-07-31,500,0.7897727325576639,0.04976941867064222,0.6657567919978132,0.08027708123821087,71.67827673046908,False,False
2024-08-30,500,0.8457073907381372,0.05593465818047327,0.694232228826345,0.09134177223561551,68.90462806703769,False,False
2024-09-30,500,0.8347442830372542,0.010963107700882935,0.6730009503894347,0.08294223052102184,63.0949659861359,False,False
2024-10-31,500,0.7657019393330721,0.06904234370418216,0.3918881052636606,0.022701829901868063,48.679711370595264,False,True
2024-11-29,500,0.7511236615534965,0.014578277779575544,0.28188673246885776,0.01221983525416784,39.227282982827646,False,True
2024-12-31,500,0.7423267394574757,0.008796922096020787,0.2570671129194899,0.010396651008835378,33.82869336816703,False,True
2025-01-31,500,0.707964381652411,0.03436235780506469,0.25292593010796915,0.010109056597861833,30.62033559187921,False,True
2025-02-28,500,0.6841502659703353,0.0238141156820757,0.5665704445338557,0.05160560159387908,40.15994376170113,False,False
2025-03-28,500,0.6648777577350806,0.019272508235254726,0.16993816137945583,0.00519350415578941,27.33051040558296,False,True
2025-04-30,500,0.6470244242638383,0.017853333471242294,0.38328843950958147,0.02171892736321949,32.406631117725794,False,True
2025-05-30,500,0.640385988708821,0.006638435555017308,0.5629334723415322,0.05077516889258621,39.81918979189878,False,False
2025-06-30,500,0.6213388616549871,0.019047127053833934,0.6128283958913089,0.06338565120353604,45.051599526334506,False,False
2025-07-31,500,0.6023014431479375,0.01903741850704954,0.9589862840142501,0.46729094080277156,170.16225421546534,False,False
2025-08-29,500,0.6291234893137887,0.026822046165851154,0.9067663589470645,0.29657443962156543,109.17912384872089,False,False
2025-09-30,500,0.6475120917983684,0.01838860248457974,0.9766629714801529,0.5827343352368545,303.01366482378955,False,False
2025-10-31,500,0.6881565370503642,0.04064444525199573,0.9500245814241611,0.426262498692621,162.3069699836359,False,False
2025-11-28,500,0.7071424168790555,0.018985879828691377,0.954762218988741,0.44696803188703405,180.17172766947579,False,False
2025-12-31,500,0.7134798989159039,0.006337482036848363,0.9457872893053962,0.4093117258572917,174.21326404011734,False,False
2026-01-30,500,0.7139186584541067,0.0004387595382028264,0.9530156193061636,0.43909860046005844,234.47899581267774,False,False
2026-02-27,500,0.7780475459161462,0.06412888746203949,0.9264082702116719,0.3455976455110312,147.60479273201196,False,False
2026-03-30,500,0.9052370080872885,0.12718946217114224,0.8942560091805005,0.26696895854033875,129.9140316750751,False,False
2026-04-30,500,1.0355801812669947,0.13034317317970623,0.25106012646875087,0.009980985601477308,46.67550240537943,False,True
2026-05-29,500,1.1584068174140583,0.12282663614706357,0.06962585729582697,0.001369242497093568,26.018415931027697,False,True
2026-06-30,500,1.2219332767360593,0.06352645932200107,0.06104799464682406,0.0011389162760174843,18.92772977465454,False,True
2020-12-31,730,0.749515148536939,,0.006164311899761301,6.1031437761903935e-05,17.70433934924792,True,True
2021-01-29,730,0.7358143602247644,0.013700788312174583,0.0018007126268039905,1.4593094719463488e-05,17.53447887292221,True,True
2021-02-26,730,0.7194273355966317,0.016387024628132685,1.8651935686947094e-05,1.0924137341725152e-07,13.541213397347127,True,True
2021-03-31,730,0.6851759860799727,0.03425134951665909,9.978500107644854e-05,6.220049180830528e-07,11.710688353907742,True,True
2021-04-30,730,0.6828094387352445,0.002366547344728187,0.00034540764220172045,2.3419838818176257e-06,11.874383001447157,True,True
2021-05-31,730,0.6788933055789521,0.003916133156292356,0.00010292658275565139,6.426588609696149e-07,11.715615986125542,True,True
2021-06-30,730,0.6736738131908169,0.005219492388135238,0.0001272915975358541,8.043790545656769e-07,12.093041421849582,True,True
2021-07-30,730,0.6616587481118141,0.01201506507900274,0.0005673621770437628,4.02258394292186e-06,13.520223159012474,True,True
2021-08-31,730,0.6575012495715338,0.004157498540280358,0.0003109947522364291,2.0906467542706392e-06,13.52703039272831,True,True
2021-09-30,730,0.6717290800276757,0.014227830456141954,0.0008022154242489269,5.892937622110788e-06,14.504686715427576,True,True
2021-10-29,730,0.6701342783136407,0.0015948017140350323,0.00040907392118419113,2.8140247624127705e-06,14.52604950338597,True,True
2021-11-30,730,0.6635251553426491,0.006609122970991588,0.0005080629500514635,3.5643928058034084e-06,14.973865191330622,True,True
2021-12-31,730,0.6564916109622431,0.007033544380406043,0.00015574659824253736,9.963867217869276e-07,13.964069235158052,True,True
2022-01-31,730,0.6552178690975106,0.0012737418647325027,0.00011338697689873941,7.11763533583523e-07,13.891742467243578,True,True
2022-02-28,730,0.6542480133203381,0.000969855777172457,8.022427837188342e-05,4.945203710455923e-07,13.668663384773117,True,True
2022-03-31,730,0.6477039608649753,0.006544052455362825,0.00015795785497643553,1.0114382409964567e-06,14.021506453305879,True,True
2022-04-29,730,0.6513461176533313,0.003642156788355999,6.584903161848057e-05,4.02165263121403e-07,14.249409153314684,True,True
2022-05-31,730,0.6557681667647436,0.004422049111412307,8.510502389608791e-05,5.261430939318382e-07,13.553423053752377,True,True
2022-06-30,730,0.6594610587470836,0.0036928919823400186,9.62258733913941e-05,5.986637505192129e-07,13.3711066233588,True,True
2022-07-29,730,0.6571313888970115,0.0023296698500721025,9.259913994062648e-05,5.749438056913384e-07,13.69324613066394,True,True
2022-08-30,730,0.6539312583313148,0.0032001305656966794,9.881489889802537e-05,6.156367309671773e-07,13.097087384015463,True,True
2022-09-30,730,0.6492230928934414,0.004708165437873446,0.001489350170248285,1.1769905915944374e-05,13.570070040498408,True,True
2022-10-31,730,0.6569429878494156,0.007719894955974249,0.0030774681785105547,2.698411105746938e-05,13.91101062303455,True,True
2022-11-30,730,0.6603964127382707,0.003453424888855028,0.0014492408771282067,1.1412835187965123e-05,13.34069434393954,True,True
2022-12-30,730,0.6680704871536962,0.007674074415425558,0.0021968381096243274,1.8306058328183304e-05,13.452505452987229,True,True
2023-01-31,730,0.6713646111604473,0.003294124006751109,0.003291984369530636,2.9177666338935965e-05,13.992443564334886,True,True
2023-02-28,730,0.6732699775455121,0.0019053663850647773,0.008820139656625972,9.390230933415262e-05,16.106697782597912,True,True
2023-03-31,730,0.6639017134851962,0.009368264060315878,0.013158033668732968,0.00015333840626573193,17.256694349716337,True,True
2023-04-28,730,0.6640011930575853,9.9479572389094e-05,0.09344390032699051,0.002088195486055257,22.320956148578315,False,True
2023-05-31,730,0.6689102412640554,0.00490904820647009,0.14935336364098878,0.0042352948447131646,27.165023344512026,False,True
2023-06-30,730,0.6667701441323883,0.0021400971316670736,0.0922459185975204,0.002049262732562254,27.352926713335115,False,True
2023-07-31,730,0.6262438860395549,0.04052625809283339,0.13792322676201063,0.0037430028850167617,29.25160622397154,False,True
2023-08-31,730,0.5794375205990278,0.04680636544052719,0.11919370661651801,0.002996168308392697,28.964864399041925,False,True
2023-09-29,730,0.560071440701644,0.019366079897383703,0.3608689874226905,0.019299555859429916,37.98354897236914,False,True
2023-10-31,730,0.5211959841617575,0.038875456539886555,0.271539194680426,0.011438602015485496,34.94921947900162,False,True
2023-11-30,730,0.4735669863463028,0.04762899781545471,0.22502491690281795,0.008236624461325013,35.80941702472296,False,True
2023-12-29,730,0.46228758203889075,0.011279404307412033,0.5482644341694296,0.047551319498333175,51.030135506393556,False,True
2024-01-31,730,0.49240088872547144,0.030113306686580688,0.5006662040464891,0.0383285396608879,52.35604688393747,False,True
2024-02-29,730,0.5206311397542606,0.028230251028789122,0.7587959631586134,0.12378226472760268,77.96511649768367,False,False
2024-03-28,730,0.5370486734637167,0.01641753370945609,0.8444335313504825,0.19445449402942427,105.5732678214006,False,False
2024-04-30,730,0.5010936901819287,0.03595498328178792,0.8609887004112391,0.21465793535108002,119.2799706718915,False,False
2024-05-31,730,0.45485091551954676,0.04624277466238197,0.7728525518258336,0.1326595324768819,100.06615076269637,False,False
2024-06-28,730,0.45785694638081886,0.003006030861272102,0.7010724166192347,0.09425154615802972,91.49649321465711,False,False
2024-07-31,730,0.5393657652069477,0.08150881882612881,0.7958819659900507,0.1491073828120938,108.29053012916525,False,False
2024-08-30,730,0.6230664174294381,0.08370065222249046,0.8428675718388243,0.19269516602544123,126.6019071792956,False,False
2024-09-30,730,0.6788207545391978,0.05575433710975963,0.7196066776571037,0.10269702201281905,102.840887009654,False,False
2024-10-31,730,0.7083031049645779,0.029482350425380166,0.4882165437293619,0.03619173815000029,75.31792584166395,False,True
2024-11-29,730,0.7323912131709246,0.02408810820634666,0.5677272485813233,0.05187242012442107,79.29412761439792,False,False
2024-12-31,730,0.7668870998395864,0.03449588666866177,0.680556107225836,0.08582705292164305,78.87776051035026,False,False
2025-01-31,730,0.7714925200305297,0.004605420190943343,0.6830396483020396,0.0867998057023705,79.3277716606439,False,False
2025-02-28,730,0.774945171614072,0.0034526515835422433,0.6108661495756869,0.06283569045176289,68.2725643311319,False,False
2025-03-28,730,0.7903432974251485,0.01539812581107658,0.7011545631123489,0.09428713714654385,72.94408548868309,False,False
2025-04-30,730,0.7883437619186696,0.001999535506478911,0.6957269815782139,0.09196867282247101,73.8838626468039,False,False
2025-05-30,730,0.7797473646153539,0.00859639730331574,0.6594029667677972,0.07801689830169138,74.13807348656891,False,False
2025-06-30,730,0.7598277707952701,0.019919593820083792,0.45323337291556237,0.030712684655037528,63.8550773296754,False,True
2025-07-31,730,0.7388718787995203,0.020955891995749765,0.8510103325546361,0.20211591860095807,96.24609685311619,False,False
2025-08-29,730,0.7304689516519581,0.00840292714756219,0.7246579787519176,0.1051527158094629,79.0513272170702,False,False
2025-09-30,730,0.704277619308695,0.026191332343263096,0.8390374785677961,0.18849156850235832,94.86405552023959,False,False
2025-10-31,730,0.6952165326130068,0.00906108669568828,0.6903431204736818,0.08973352647412758,86.46672259699788,False,False
2025-11-28,730,0.6890501793926224,0.006166353220384391,0.7566198452891788,0.12247706502064731,96.40571391675887,False,False
2025-12-31,730,0.6588595268266826,0.03019065256593978,0.8360142597053487,0.18526947979706687,118.43235851470243,False,False
2026-01-30,730,0.6344814122149952,0.024378114611687374,0.8892373857006346,0.25779756709685714,146.63434742877806,False,False
2026-02-27,730,0.6450409905899956,0.010559578375000434,0.9409645009459917,0.39154220264255907,172.69284910598952,False,False
2026-03-30,730,0.6880419818443102,0.04300099125431456,0.989578393091391,0.7461560062881714,2149.9728080259306,False,False
2026-04-30,730,0.7599096445354419,0.07186766269113165,0.9150013784009505,0.3156734918729046,161.61451610453489,False,False
2026-05-29,730,0.8588269588222894,0.09891731428684758,0.9329776854776847,0.365078448812675,174.38949092401708,False,False
2026-06-30,730,0.9670673038579363,0.10824034503564683,0.84701155262066,0.19740418978789587,123.32743792712583,False,False
